Expiration Date,T_days,T,Strike,K_over_S0,Forward,K_over_F0,Option_type,Root,Contract,Market_price,IV_BDD,r_GSW,Discount_factor,IV_market,BS_reconstructed_price,BS_reconstruction_error,IV_BDD_error,IV_RH,Residual_IV,Abs_error_IV
2022-09-14,1,0.0027378507871321,3880,0.9855943382519012,3936.9814263393455,0.9855266204818428,Put,SPXW,SPXW220914P03880000,5.25,0.3606,0.0364992080783356,0.9999000756072076,0.2886238858604807,5.249999999999545,4.547473508864641e-13,0.0719761141395192,0.30925408798788767,0.02063020212740696,0.02063020212740696
2022-09-14,1,0.0027378507871321,3885,0.9868644340486176,3936.9814263393455,0.9867966290133916,Put,SPXW,SPXW220914P03885000,5.95,0.3566,0.0364992080783356,0.9999000756072076,0.2849875000371651,5.949999999997203,2.7968738436356944e-12,0.0716124999628348,0.3051310876606887,0.020143587623523584,0.020143587623523584
2022-09-14,1,0.0027378507871321,3890,0.988134529845334,3936.9814263393455,0.9880666375449404,Put,SPXW,SPXW220914P03890000,6.85,0.355,0.0364992080783356,0.9999000756072076,0.2832657583532689,6.850000000001842,1.84208204245806e-12,0.071734241646731,0.30102785006127314,0.017762091708004246,0.017762091708004246
2022-09-14,1,0.0027378507871321,3895,0.9894046256420505,3936.9814263393455,0.9893366460764892,Put,SPXW,SPXW220914P03895000,7.8,0.3523,0.0364992080783356,0.9999000756072076,0.2805642584811562,7.799999999999841,1.5898393712632244e-13,0.0717357415188437,0.29695532665130675,0.01639106817015057,0.01639106817015057
2022-09-14,1,0.0027378507871321,3900,0.9906747214387668,3936.9814263393455,0.9906066546080378,Put,SPXW,SPXW220914P03900000,8.95,0.3512,0.0364992080783356,0.9999000756072076,0.2791690867691719,8.949999999999363,6.359357485052898e-13,0.0720309132308281,0.29292650985558655,0.013757423086414644,0.013757423086414644
2022-09-14,1,0.0027378507871321,3905,0.9919448172354832,3936.9814263393455,0.9918766631395866,Put,SPXW,SPXW220914P03905000,10.2,0.3496,0.0364992080783356,0.9999000756072076,0.2773118766041637,10.200000000016644,1.6644463585180347e-11,0.0722881233958362,0.28895671395522476,0.011644837351061088,0.011644837351061088
2022-09-14,1,0.0027378507871321,3910,0.9932149130321996,3936.9814263393455,0.9931466716711354,Put,SPXW,SPXW220914P03910000,11.6,0.3483,0.0364992080783356,0.9999000756072076,0.2756175138855407,11.599999999999454,5.453415496958769e-13,0.0726824861144593,0.28506383863075474,0.009446324745214063,0.009446324745214063
2022-09-14,1,0.0027378507871321,3915,0.994485008828916,3936.9814263393455,0.994416680202684,Put,SPXW,SPXW220914P03915000,13.2,0.3479,0.0364992080783356,0.9999000756072076,0.2746094057231388,13.199999999999818,1.8118839761882557e-13,0.0732905942768611,0.28126857085820084,0.0066591651350620396,0.0066591651350620396
2022-09-14,1,0.0027378507871321,3920,0.9957551046256324,3936.9814263393455,0.9956866887342328,Put,SPXW,SPXW220914P03920000,14.85,0.3459,0.0364992080783356,0.9999000756072076,0.2722052530135102,14.850000000000136,1.3677947663381929e-13,0.0736947469864898,0.27759447582191277,0.005389222808402594,0.005389222808402594
2022-09-14,1,0.0027378507871321,3925,0.9970252004223488,3936.9814263393455,0.9969566972657816,Put,SPXW,SPXW220914P03925000,16.75,0.3453,0.0364992080783356,0.9999000756072076,0.2709167616689267,16.749999999977945,2.205524651799351e-11,0.0743832383310733,0.27406792196465385,0.003151160295727151,0.003151160295727151
2022-09-14,1,0.0027378507871321,3930,0.998295296219065,3936.9814263393455,0.9982267057973304,Put,SPXW,SPXW220914P03930000,18.75,0.3438,0.0364992080783356,0.9999000756072076,0.2687540216100699,18.75,0.0,0.07504597838993,0.27071777039988454,0.0019637487898146455,0.0019637487898146455
2022-09-14,1,0.0027378507871321,3935,0.9995653920157814,3936.9814263393455,0.9994967143288792,Put,SPXW,SPXW220914P03935000,20.9,0.3421,0.0364992080783356,0.9999000756072076,0.2662885608806289,20.8999999999985,1.4992451724538114e-12,0.0758114391193711,0.2675747444960052,0.0012861836153763018,0.0012861836153763018
2022-09-14,1,0.0027378507871321,3940,1.000835487812498,3936.9814263393455,1.000766722860428,Call,SPXW,SPXW220914C03940000,22.450000000000003,0.3317,0.0364992080783356,0.9999000756072076,0.2910882002499617,22.450000000025057,2.5053736862901133e-11,0.0406117997500383,0.2646704039760701,-0.02641779627389157,0.02641779627389157
2022-09-14,1,0.0027378507871321,3945,1.002105583609214,3936.9814263393455,1.002036731391977,Call,SPXW,SPXW220914C03945000,19.950000000000003,0.3293,0.0364992080783356,0.9999000756072076,0.2886534931698506,19.950000000000045,4.263256414560601e-14,0.0406465068301493,0.26203570030864504,-0.02661779286120558,0.02661779286120558
2022-09-14,1,0.0027378507871321,3950,1.0033756794059303,3936.9814263393455,1.0033067399235254,Call,SPXW,SPXW220914C03950000,17.6,0.3281,0.0364992080783356,0.9999000756072076,0.2859716672200136,17.599999999997863,2.1387336346379016e-12,0.0421283327799864,0.25969918707910494,-0.02627248014090866,0.02627248014090866
2022-09-14,1,0.0027378507871321,3955,1.004645775202647,3936.9814263393455,1.0045767484550745,Call,SPXW,SPXW220914C03955000,15.45,0.3264,0.0364992080783356,0.9999000756072076,0.2836443763139483,15.450000000000044,4.618527782440651e-14,0.0427556236860517,0.25768507404544233,-0.025959302268505957,0.025959302268505957
2022-09-14,1,0.0027378507871321,3960,1.0059158709993632,3936.9814263393455,1.005846756986623,Call,SPXW,SPXW220914C03960000,13.45,0.3243,0.0364992080783356,0.9999000756072076,0.2810408221615121,13.450000000000273,2.7355895326763857e-13,0.0432591778384878,0.25601140376277515,-0.025029418398736958,0.025029418398736958
2022-09-14,1,0.0027378507871321,3965,1.0071859667960796,3936.9814263393455,1.007116765518172,Call,SPXW,SPXW220914C03965000,11.6,0.3217,0.0364992080783356,0.9999000756072076,0.2781468758099723,11.599999999999907,9.059419880941277e-14,0.0435531241900276,0.2546886557982415,-0.023458220011730813,0.023458220011730813
2022-09-14,1,0.0027378507871321,3970,1.008456062592796,3936.9814263393455,1.0083867740497203,Call,SPXW,SPXW220914C03970000,10.0,0.3205,0.0364992080783356,0.9999000756072076,0.2763855256079504,10.0,0.0,0.0441144743920496,0.2537190288930816,-0.022666496714868756,0.022666496714868756
2022-09-14,1,0.0027378507871321,3975,1.0097261583895123,3936.9814263393455,1.0096567825812692,Call,SPXW,SPXW220914C03975000,8.65,0.3208,0.0364992080783356,0.9999000756072076,0.27600425662037,8.649999999993838,6.162181875879469e-12,0.0447957433796299,0.25309652578463865,-0.022907730835731333,0.022907730835731333
2022-09-14,1,0.0027378507871321,3980,1.0109962541862287,3936.9814263393455,1.010926791112818,Call,SPXW,SPXW220914C03980000,7.3,0.3183,0.0364992080783356,0.9999000756072076,0.2733442731243656,7.299999999999727,2.7267077484793845e-13,0.0449557268756343,0.25280780399667907,-0.02053646912768653,0.02053646912768653
2022-09-14,1,0.0027378507871321,3985,1.0122663499829452,3936.9814263393455,1.0121967996443668,Call,SPXW,SPXW220914C03985000,6.15,0.3168,0.0364992080783356,0.9999000756072076,0.2715009371584985,6.149999999999977,2.3092638912203256e-14,0.0452990628415014,0.25283360606684296,-0.018667331091655526,0.018667331091655526
2022-09-14,1,0.0027378507871321,3990,1.0135364457796614,3936.9814263393455,1.0134668081759155,Call,SPXW,SPXW220914C03990000,5.15,0.3155,0.0364992080783356,0.9999000756072076,0.2698860673591935,5.150000000000205,2.042810365310288e-13,0.0456139326408064,0.2531504887834488,-0.016735578575744703,0.016735578575744703
2022-09-16,3,0.007472051106548,3845,0.9767036676748868,3937.4495750257634,0.9765204421633366,Put,SPX,SPX220916P03845000,9.15,0.3146,0.0365116026519631,0.9997272206500564,0.2921671571131902,9.14999999999975,2.504663143554353e-13,0.0224328428868097,0.3055617613311187,0.013394604217928485,0.013394604217928485
2022-09-16,3,0.007472051106548,3885,0.9868644340486176,3937.4495750257634,0.9866793024199122,Put,SPX,SPX220916P03885000,16.55,0.2966,0.0365116026519631,0.9997272206500564,0.2744661898658987,16.550000000033606,3.360511868777394e-11,0.0221338101341012,0.2833197028624893,0.008853512996590596,0.008853512996590596
2022-09-16,3,0.007472051106548,3925,0.9970252004223488,3937.4495750257634,0.9968381626764878,Put,SPX,SPX220916P03925000,29.2,0.2814,0.0365116026519631,0.9997272206500564,0.2587813690153562,29.199999999999815,1.8118839761882557e-13,0.0226186309846437,0.26332933813740633,0.004547969122050133,0.004547969122050133
2022-09-16,3,0.007472051106548,3965,1.0071859667960796,3937.4495750257634,1.0069970229330636,Call,SPX,SPX220916C03965000,23.2,0.2696,0.0365116026519631,0.9997272206500564,0.258951855253997,23.200000000000045,4.618527782440651e-14,0.0106481447460029,0.24943820470015282,-0.009513650553844177,0.009513650553844177
2022-09-16,3,0.007472051106548,4005,1.0173467331698105,3937.4495750257634,1.0171558831896392,Call,SPX,SPX220916C04005000,10.55,0.2612,0.0365116026519631,0.9997272206500564,0.2500172605140382,10.550000000000182,1.8118839761882557e-13,0.0111827394859617,0.24520659804543435,-0.004810662468603871,0.004810662468603871
2022-09-16,3,0.0082135523613963,3565,0.9055783030587702,3937.522946229548,0.9053915491244908,Put,SPXW,SPXW220916P03565000,0.825,0.5304,0.0365135381688637,0.9997001391096164,0.4983310003066291,0.8250000000000668,6.683542608243442e-14,0.0320689996933708,0.44292652594773296,-0.055404474358896116,0.055404474358896116
2022-09-16,3,0.0082135523613963,3620,0.9195493568226504,3937.522946229548,0.9193597216916288,Put,SPXW,SPXW220916P03620000,1.125,0.4803,0.0365135381688637,0.9997001391096164,0.4511477059089115,1.125000000000071,7.105427357601003e-14,0.0291522940910884,0.4177962183306039,-0.03335148757830764,0.03335148757830764
2022-09-16,3,0.0082135523613963,3665,0.9309802189930976,3937.522946229548,0.9307882265192872,Put,SPXW,SPXW220916P03665000,1.525,0.4407,0.0365135381688637,0.9997001391096164,0.4138591404968811,1.5249999999999346,6.52811138479592e-14,0.0268408595031188,0.39640994568766846,-0.017449194809212643,0.017449194809212643
2022-09-16,3,0.0082135523613963,3695,0.9386007937733958,3937.522946229548,0.9384072297377264,Put,SPXW,SPXW220916P03695000,1.925,0.4152,0.0365135381688637,0.9997001391096164,0.3897925435274851,1.9250000000000969,9.658940314238863e-14,0.0254074564725148,0.3816984739619745,-0.00809406956551062,0.00809406956551062
2022-09-16,3,0.0082135523613963,3725,0.946221368553694,3937.522946229548,0.9460262329561652,Put,SPXW,SPXW220916P03725000,2.55,0.3921,0.0365135381688637,0.9997001391096164,0.3680041363767695,2.549999999999983,1.6875389974302383e-14,0.0240958636232304,0.3666030088149846,-0.0014011275617848984,0.0014011275617848984
2022-09-16,3,0.0082135523613963,3755,0.9538419433339922,3937.522946229548,0.953645236174604,Put,SPXW,SPXW220916P03755000,3.55,0.3719,0.0365135381688637,0.9997001391096164,0.3488239559839663,3.550000000000068,6.838973831690964e-14,0.0230760440160336,0.3511161780800469,0.0022922220960805983,0.0022922220960805983
2022-09-16,3,0.0082135523613963,3790,0.9627326139110068,3937.522946229548,0.9625340732627828,Put,SPXW,SPXW220916P03790000,5.45,0.3508,0.0365135381688637,0.9997001391096164,0.3288182095128314,5.450000000004593,4.592770608269348e-12,0.0219817904871685,0.3325783292416016,0.0037601197287701615,0.0037601197287701615
2022-09-16,3,0.0082135523613963,3815,0.9690830928945886,3937.522946229548,0.9688832426114818,Put,SPXW,SPXW220916P03815000,7.55,0.3373,0.0365135381688637,0.9997001391096164,0.3159102736694359,7.549999999999613,3.8635761256955453e-13,0.021389726330564,0.3190826833558947,0.003172409686458766,0.003172409686458766
2022-09-16,3,0.0082135523613963,3835,0.974163476081454,3937.522946229548,0.9739625780904412,Put,SPXW,SPXW220916P03835000,10.0,0.329,0.0365135381688637,0.9997001391096164,0.3078009328738318,9.999999999999773,2.273736754432321e-13,0.0211990671261681,0.30819991305252026,0.00039898017868844615,0.00039898017868844615
2022-09-16,3,0.0082135523613963,3860,0.980513955065036,3937.522946229548,0.9803117474391404,Put,SPXW,SPXW220916P03860000,14.15,0.3191,0.0365135381688637,0.9997001391096164,0.2981280672935799,14.149999999999864,1.3677947663381929e-13,0.02097193270642,0.2946320230745752,-0.003496044219004679,0.003496044219004679
2022-09-16,3,0.0082135523613963,3875,0.984324242455185,3937.522946229548,0.9841212490483596,Put,SPXW,SPXW220916P03875000,17.450000000000003,0.3143,0.0365135381688637,0.9997001391096164,0.2933342487871991,17.450000000000273,2.700062395888381e-13,0.0209657512128008,0.28661880674552176,-0.006715442041677344,0.006715442041677344
2022-09-16,3,0.0082135523613963,3900,0.9906747214387668,3937.522946229548,0.9904704183970588,Put,SPXW,SPXW220916P03900000,24.450000000000003,0.3069,0.0365135381688637,0.9997001391096164,0.285729639051167,24.450000000041427,4.142464149481384e-11,0.021170360948833,0.27379151979128596,-0.01193811925988103,0.01193811925988103
2022-09-16,3,0.0082135523613963,3915,0.994485008828916,3937.522946229548,0.9942799200062784,Put,SPXW,SPXW220916P03915000,29.65,0.3026,0.0365135381688637,0.9997001391096164,0.2811737988280595,29.649999999999864,1.3500311979441906e-13,0.0214262011719404,0.26664964231758626,-0.01452415651047323,0.01452415651047323
2022-09-16,3,0.0082135523613963,3940,1.000835487812498,3937.522946229548,1.0006290893549774,Call,SPXW,SPXW220916C03940000,39.35,0.2948,0.0365135381688637,0.9997001391096164,0.2850215486531151,39.34999999999991,9.237055564881302e-14,0.0097784513468848,0.25630333896482344,-0.02871820968829164,0.02871820968829164
2022-09-16,3,0.0082135523613963,3955,1.004645775202647,3937.522946229548,1.0044385909641969,Call,SPXW,SPXW220916C03955000,31.85,0.2906,0.0365135381688637,0.9997001391096164,0.2802993858608832,31.85000000000082,8.171241461241152e-13,0.0103006141391167,0.2514011457850162,-0.028898240075867,0.028898240075867
2022-09-16,3,0.0082135523613963,3980,1.0109962541862287,3937.522946229548,1.010787760312896,Call,SPXW,SPXW220916C03980000,21.6,0.2851,0.0365135381688637,0.9997001391096164,0.2741769129123898,21.59999999999991,9.237055564881302e-14,0.0109230870876101,0.2460179526205802,-0.028158960291809615,0.028158960291809615
2022-09-16,3,0.0082135523613963,3995,1.0148065415763778,3937.522946229548,1.0145972619221153,Call,SPXW,SPXW220916C03995000,16.75,0.2827,0.0365135381688637,0.9997001391096164,0.271478875570012,16.749999999999545,4.547473508864641e-13,0.0112211244299879,0.24458040247980678,-0.02689847309020521,0.02689847309020521
2022-09-16,3,0.0082135523613963,4020,1.0211570205599596,3937.522946229548,1.0209464312708143,Call,SPXW,SPXW220916C04020000,10.55,0.2796,0.0365135381688637,0.9997001391096164,0.2679331902470094,10.549999999999956,4.618527782440651e-14,0.0116668097529905,0.24493136036183658,-0.023001829885172825,0.023001829885172825
2022-09-16,3,0.0082135523613963,4045,1.0275074995435416,3937.522946229548,1.0272956006195135,Call,SPXW,SPXW220916C04045000,6.35,0.2778,0.0365135381688637,0.9997001391096164,0.2656151038850872,6.349999999999454,5.453415496958769e-13,0.0121848961149127,0.24799407524253037,-0.017621028642556824,0.017621028642556824
2022-09-16,3,0.0082135523613963,4080,1.036398170120556,3937.522946229548,1.0361844377076923,Call,SPXW,SPXW220916C04080000,3.05,0.2799,0.0365135381688637,0.9997001391096164,0.267025342857053,3.0499999999999545,4.5297099404706393e-14,0.0128746571429469,0.25518637291539514,-0.01183896994165784,0.01183896994165784
2022-09-20,7,0.0191649555099247,3720,0.9449512727569775,3938.608044430406,0.9444961158956804,Put,SPXW,SPXW220920P03720000,5.25,0.297,0.036541941945302,0.9992999204784726,0.2885811413740663,5.250000000016257,1.6257217794191092e-11,0.0084188586259336,0.32746735468677857,0.03888621331271225,0.03888621331271225
2022-09-20,7,0.0191649555099247,3735,0.9487615601471266,3938.608044430406,0.9483045679759048,Put,SPXW,SPXW220920P03735000,6.05,0.2909,0.036541941945302,0.9992999204784726,0.2826880809300119,6.050000000000864,8.64197602368222e-13,0.008211919069988,0.3216873490887885,0.03899926815877658,0.03899926815877658
2022-09-20,7,0.0191649555099247,3750,0.9525718475372758,3938.608044430406,0.9521130200561294,Put,SPXW,SPXW220920P03750000,7.05,0.2857,0.036541941945302,0.9992999204784726,0.2775420915714505,7.049999999999898,1.021405182655144e-13,0.0081579084285494,0.31587842184313075,0.03833633027168026,0.03833633027168026
2022-09-20,7,0.0191649555099247,3770,0.9576522307241412,3938.608044430406,0.9571909561630956,Put,SPXW,SPXW220920P03770000,8.7,0.2792,0.036541941945302,0.9992999204784726,0.2711702360005962,8.700000000006753,6.753708703399752e-12,0.0080297639994037,0.30809978048965464,0.03692954448905844,0.03692954448905844
2022-09-20,7,0.0191649555099247,3785,0.9614625181142904,3938.608044430406,0.96099940824332,Put,SPXW,SPXW220920P03785000,10.15,0.2741,0.036541941945302,0.9992999204784726,0.2661334821277072,10.150000000002253,2.2506441155201173e-12,0.0079665178722927,0.30225305117726914,0.03611956904956193,0.03611956904956193
2022-09-20,7,0.0191649555099247,3800,0.9652728055044396,3938.608044430406,0.9648078603235444,Put,SPXW,SPXW220920P03800000,12.0,0.2702,0.036541941945302,0.9992999204784726,0.2623320082759094,12.000000000000796,7.958078640513122e-13,0.0078679917240905,0.29640957197237483,0.03407756369646542,0.03407756369646542
2022-09-20,7,0.0191649555099247,3815,0.9690830928945886,3938.608044430406,0.968616312403769,Put,SPXW,SPXW220920P03815000,14.1,0.2663,0.036541941945302,0.9992999204784726,0.2581474271893216,14.099999999993088,6.911804462106375e-12,0.0081525728106783,0.29058584259314046,0.032438415403818865,0.032438415403818865
2022-09-20,7,0.0191649555099247,3830,0.9728933802847376,3938.608044430406,0.9724247644839936,Put,SPXW,SPXW220920P03830000,16.700000000000003,0.2628,0.036541941945302,0.9992999204784726,0.2550078041403761,16.700000000000045,4.263256414560601e-14,0.0077921958596238,0.2848028079561182,0.02979500381574207,0.02979500381574207
2022-09-20,7,0.0191649555099247,3850,0.9779737634716033,3938.608044430406,0.9775027005909596,Put,SPXW,SPXW220920P03850000,20.75,0.2583,0.036541941945302,0.9992999204784726,0.250487923848484,20.749999999997044,2.9558577807620168e-12,0.0078120761515159,0.27720287045645825,0.026714946607974244,0.026714946607974244
2022-09-20,7,0.0191649555099247,3865,0.9817840508617522,3938.608044430406,0.981311152671184,Put,SPXW,SPXW220920P03865000,24.35,0.2549,0.036541941945302,0.9992999204784726,0.2472549851477253,24.35000000000832,8.320455435750773e-12,0.0076450148522747,0.2716322503855407,0.024377265237815388,0.024377265237815388
2022-09-20,7,0.0191649555099247,3880,0.9855943382519012,3938.608044430406,0.9851196047514086,Put,SPXW,SPXW220920P03880000,28.4,0.2522,0.036541941945302,0.9992999204784726,0.2436987900222605,28.39999999999964,3.623767952376511e-13,0.0085012099777394,0.2662226648590374,0.022523874836776897,0.022523874836776897
2022-09-20,7,0.0191649555099247,3895,0.9894046256420505,3938.608044430406,0.9889280568316332,Put,SPXW,SPXW220920P03895000,33.150000000000006,0.2489,0.036541941945302,0.9992999204784726,0.2408577964298952,33.14999999999873,1.2789769243681805e-12,0.0080422035701048,0.26102967857846626,0.020171882148571074,0.020171882148571074
2022-09-20,7,0.0191649555099247,3910,0.9932149130321996,3938.608044430406,0.9927365089118576,Put,SPXW,SPXW220920P03910000,38.5,0.2461,0.036541941945302,0.9992999204784726,0.2379687251350418,38.49999999995043,4.956746124662459e-11,0.0081312748649581,0.25611898911529146,0.01815026398024966,0.01815026398024966
2022-09-20,7,0.0191649555099247,3930,0.998295296219065,3938.608044430406,0.9978144450188235,Put,SPXW,SPXW220920P03930000,46.4,0.2418,0.036541941945302,0.9992999204784726,0.2329753593228473,46.39999999999986,1.3500311979441906e-13,0.0088246406771526,0.2501416919906032,0.017166332667755912,0.017166332667755912
2022-09-20,7,0.0191649555099247,3945,1.002105583609214,3938.608044430406,1.0016228970990482,Call,SPXW,SPXW220920C03945000,47.95,0.237,0.036541941945302,0.9992999204784726,0.2348101571561134,47.94999999998322,1.6783019418653566e-11,0.0021898428438865,0.24619317504392482,0.01138301788781143,0.01138301788781143
2022-09-20,7,0.0191649555099247,3960,1.0059158709993632,3938.608044430406,1.0054313491792726,Call,SPXW,SPXW220920C03960000,40.5,0.2339,0.036541941945302,0.9992999204784726,0.2315632938797517,40.500000000000455,4.547473508864641e-13,0.0023367061202483,0.24279294039554516,0.011229646515793473,0.011229646515793473
2022-09-20,7,0.0191649555099247,3975,1.0097261583895123,3938.608044430406,1.0092398012594972,Call,SPXW,SPXW220920C03975000,33.8,0.231,0.036541941945302,0.9992999204784726,0.2284633377917626,33.799999999999955,4.263256414560601e-14,0.0025366622082373,0.24001024001585058,0.011546902224087996,0.011546902224087996
2022-09-20,7,0.0191649555099247,3995,1.0148065415763778,3938.608044430406,1.0143177373664631,Call,SPXW,SPXW220920C03995000,26.15,0.2279,0.036541941945302,0.9992999204784726,0.22513742034107,26.149999999999864,1.3500311979441906e-13,0.0027625796589299,0.23733945745470636,0.01220203711363635,0.01220203711363635
2022-09-20,7,0.0191649555099247,4010,1.018616828966527,3938.608044430406,1.0181261894466878,Call,SPXW,SPXW220920C04010000,21.25,0.2257,0.036541941945302,0.9992999204784726,0.2227626561558175,21.25,0.0,0.0029373438441824,0.23613464615926205,0.01337199000344455,0.01337199000344455
2022-09-20,7,0.0191649555099247,4025,1.022427116356676,3938.608044430406,1.0219346415269122,Call,SPXW,SPXW220920C04025000,17.1,0.224,0.036541941945302,0.9992999204784726,0.2208691313101342,17.09999999999991,9.237055564881302e-14,0.0031308686898657,0.23559336752392152,0.014724236213787323,0.014724236213787323
2022-09-20,7,0.0191649555099247,4040,1.0262374037468251,3938.608044430406,1.0257430936071368,Call,SPXW,SPXW220920C04040000,13.6,0.2224,0.036541941945302,0.9992999204784726,0.2191954328067123,13.599999999999568,4.316547119742609e-13,0.0032045671932876,0.23566853087670053,0.01647309806998823,0.01647309806998823
2022-09-20,7,0.0191649555099247,4055,1.0300476911369745,3938.608044430406,1.0295515456873612,Call,SPXW,SPXW220920C04055000,10.7,0.2211,0.036541941945302,0.9992999204784726,0.2177981643428942,10.699999999999818,1.8118839761882557e-13,0.0033018356571057,0.23629538204951217,0.01849721770661797,0.01849721770661797
2022-09-20,7,0.0191649555099247,4075,1.0351280743238398,3938.608044430406,1.0346294817943271,Call,SPXW,SPXW220920C04075000,7.7,0.2203,0.036541941945302,0.9992999204784726,0.2167925052556561,7.700000000000728,7.274181257344027e-13,0.0035074947443438,0.23786309727225316,0.021070592016597056,0.021070592016597056
2022-09-20,7,0.0191649555099247,4090,1.038938361713989,3938.608044430406,1.0384379338745515,Call,SPXW,SPXW220920C04090000,5.95,0.2199,0.036541941945302,0.9992999204784726,0.216258688836592,5.9500000000003865,3.8635761256955453e-13,0.0036413111634079,0.23949389757350217,0.02323520873691018,0.02323520873691018
2022-09-20,7,0.0191649555099247,4110,1.0440187449008542,3938.608044430406,1.043515869981518,Call,SPXW,SPXW220920C04110000,4.2,0.2201,0.036541941945302,0.9992999204784726,0.2163011700585539,4.199999999993793,6.207478975284175e-12,0.003798829941446,0.24214959617076942,0.025848426112215522,0.025848426112215522
2022-09-28,15,0.0410677618069815,3450,0.8763660997342937,3940.786328360648,0.8754597972418329,Put,SPXW,SPXW220928P03450000,4.2,0.3748,0.0365977324873474,0.9984981419587812,0.3699108902010517,4.200000000018264,1.8263612844293675e-11,0.0048891097989482,0.369115134439915,-0.0007957557611367183,0.0007957557611367183
2022-09-28,15,0.0410677618069815,3625,0.9208194526193666,3940.786328360648,0.919867178261346,Put,SPXW,SPXW220928P03625000,10.65,0.318,0.0365977324873474,0.9984981419587812,0.3140831368014382,10.649999999999864,1.3677947663381929e-13,0.0039168631985617,0.3210172582828251,0.006934121481386946,0.006934121481386946
2022-09-28,15,0.0410677618069815,3690,0.9373306979766792,3940.786328360648,0.9363613483543082,Put,SPXW,SPXW220928P03690000,15.85,0.3,0.0365977324873474,0.9984981419587812,0.2963733697476687,15.850000000000476,4.778399897986674e-13,0.0036266302523312,0.3025986165746225,0.006225246826953801,0.006225246826953801
2022-09-28,15,0.0410677618069815,3725,0.946221368553694,3940.786328360648,0.9452428245582108,Put,SPXW,SPXW220928P03725000,19.9,0.2917,0.0365977324873474,0.9984981419587812,0.2881271218379863,19.900000000000205,2.0605739337042905e-13,0.0035728781620136,0.29263190191273997,0.004504780074753689,0.004504780074753689
2022-09-28,15,0.0410677618069815,3755,0.9538419433339922,3940.786328360648,0.9528555184472705,Put,SPXW,SPXW220928P03755000,24.200000000000003,0.2848,0.0365977324873474,0.9984981419587812,0.2813114937991278,24.20000000000016,1.5631940186722204e-13,0.0034885062008721,0.28411303536991267,0.0028015415707848823,0.0028015415707848823
2022-09-28,15,0.0410677618069815,3775,0.9589223265208576,3940.786328360648,0.9579306477066432,Put,SPXW,SPXW220928P03775000,27.65,0.2807,0.0365977324873474,0.9984981419587812,0.277254460469703,27.65000000000009,9.237055564881302e-14,0.0034455395302969,0.2784719257742011,0.001217465304498122,0.001217465304498122
2022-09-28,15,0.0410677618069815,3795,0.9640027097077232,3940.786328360648,0.9630057769660162,Put,SPXW,SPXW220928P03795000,31.55,0.2766,0.0365977324873474,0.9984981419587812,0.2732381351381523,31.54999999996346,3.6539660186463146e-11,0.0033618648618476,0.2728843837527967,-0.00035375138535559403,0.00035375138535559403
2022-09-28,15,0.0410677618069815,3820,0.9703531886913048,3940.786328360648,0.9693496885402324,Put,SPXW,SPXW220928P03820000,37.150000000000006,0.2717,0.0365977324873474,0.9984981419587812,0.2683567056541244,37.15000000005784,5.783817869087216e-11,0.0033432943458756,0.2660157229314383,-0.002340982722686069,0.002340982722686069
2022-09-28,15,0.0410677618069815,3840,0.9754335718781704,3940.786328360648,0.9744248177996052,Put,SPXW,SPXW220928P03840000,42.3,0.268,0.0365977324873474,0.9984981419587812,0.2646657519458096,42.30000000000018,1.8474111129762605e-13,0.0033342480541903,0.2606545990937127,-0.004011152852096911,0.004011152852096911
2022-09-28,15,0.0410677618069815,3860,0.980513955065036,3940.786328360648,0.9794999470589782,Put,SPXW,SPXW220928P03860000,47.95,0.264,0.0365977324873474,0.9984981419587812,0.2606372018073914,47.95000000000027,2.700062395888381e-13,0.0033627981926085,0.255457616153664,-0.005179585653727392,0.005179585653727392
2022-09-28,15,0.0410677618069815,3880,0.9855943382519012,3940.786328360648,0.9845750763183512,Put,SPXW,SPXW220928P03880000,54.2,0.2598,0.0365977324873474,0.9984981419587812,0.2564851503369281,54.19999999999982,1.8474111129762605e-13,0.0033148496630718,0.2504751419494147,-0.006010008387513366,0.006010008387513366
2022-09-28,15,0.0410677618069815,3900,0.9906747214387668,3940.786328360648,0.989650205577724,Put,SPXW,SPXW220928P03900000,61.2,0.2559,0.0365977324873474,0.9984981419587812,0.2525523672487706,61.20000000001141,1.1411316336307207e-11,0.0033476327512293,0.24576629597132948,-0.00678607127744113,0.00678607127744113
2022-09-28,15,0.0410677618069815,3920,0.9957551046256324,3940.786328360648,0.9947253348370972,Put,SPXW,SPXW220928P03920000,68.8,0.2515,0.0365977324873474,0.9984981419587812,0.2482062886567888,68.79999999999973,2.700062395888381e-13,0.0032937113432111,0.2413985713933382,-0.006807717263450586,0.006807717263450586
2022-09-28,15,0.0410677618069815,3940,1.000835487812498,3940.786328360648,0.99980046409647,Put,SPXW,SPXW220928P03940000,77.3,0.2476,0.0365977324873474,0.9984981419587812,0.2442715678392589,77.29999999999995,4.263256414560601e-14,0.003328432160741,0.23744528585407043,-0.006826281985188476,0.006826281985188476
2022-09-28,15,0.0410677618069815,3960,1.0059158709993632,3940.786328360648,1.0048755933558429,Call,SPXW,SPXW220928C03960000,67.6,0.2425,0.0365977324873474,0.9984981419587812,0.2408915464102022,67.60000000000014,1.4210854715202006e-13,0.0016084535897977,0.23398020071964806,-0.006911345690554127,0.006911345690554127
2022-09-28,15,0.0410677618069815,3980,1.0109962541862287,3940.786328360648,1.009950722615216,Call,SPXW,SPXW220928C03980000,57.7,0.2383,0.0365977324873474,0.9984981419587812,0.2367160057486886,57.70000000001551,1.5504042494285386e-11,0.0015839942513113,0.23106981267019025,-0.0056461930784983405,0.0056461930784983405
2022-09-28,15,0.0410677618069815,4000,1.0160766373730945,3940.786328360648,1.015025851874589,Call,SPXW,SPXW220928C04000000,48.8,0.2346,0.0365977324873474,0.9984981419587812,0.2329905308292033,48.79999999999973,2.700062395888381e-13,0.0016094691707966,0.22876493380917837,-0.004225597020024924,0.004225597020024924
2022-09-28,15,0.0410677618069815,4020,1.0211570205599596,3940.786328360648,1.020100981133962,Call,SPXW,SPXW220928C04020000,40.75,0.2309,0.0365977324873474,0.9984981419587812,0.2292049004970297,40.75,0.0,0.0016950995029702,0.2270936644225667,-0.0021112360744630077,0.0021112360744630077
2022-09-28,15,0.0410677618069815,4045,1.0275074995435416,3940.786328360648,1.026444892708178,Call,SPXW,SPXW220928C04045000,32.05,0.2267,0.0365977324873474,0.9984981419587812,0.2249890928679078,32.050000000062255,6.225775450729998e-11,0.0017109071320921,0.22589545027025312,0.0009063574023453203,0.0009063574023453203
2022-09-28,15,0.0410677618069815,4065,1.032587882730407,3940.786328360648,1.0315200219675509,Call,SPXW,SPXW220928C04065000,26.200000000000003,0.224,0.0365977324873474,0.9984981419587812,0.2222693977642752,26.20000000004188,4.187938884570031e-11,0.0017306022357247,0.22561608359076113,0.0033466858264859234,0.0033466858264859234
2022-09-28,15,0.0410677618069815,4085,1.0376682659172725,3940.786328360648,1.0365951512269238,Call,SPXW,SPXW220928C04085000,21.200000000000003,0.2216,0.0365977324873474,0.9984981419587812,0.2198503402977818,21.200000000002436,2.4300561562995426e-12,0.0017496597022181,0.2258868379318301,0.006036497634048288,0.006036497634048288
2022-09-28,15,0.0410677618069815,4110,1.0440187449008542,3940.786328360648,1.04293906280114,Call,SPXW,SPXW220928C04110000,16.049999999999997,0.2191,0.0365977324873474,0.9984981419587812,0.2172690102669685,16.050000000000068,7.105427357601003e-14,0.0018309897330315,0.22690216561020266,0.009633155343234168,0.009633155343234168
2022-09-28,15,0.0410677618069815,4130,1.0490991280877198,3940.786328360648,1.048014192060513,Call,SPXW,SPXW220928C04130000,12.75,0.2176,0.0365977324873474,0.9984981419587812,0.2157376288740982,12.75000000003945,3.9449332689400756e-11,0.0018623711259017,0.22817367581757833,0.012436046943480134,0.012436046943480134
2022-09-28,15,0.0410677618069815,4175,1.060529990258167,3940.786328360648,1.059433232894102,Call,SPXW,SPXW220928C04175000,7.55,0.2166,0.0365977324873474,0.9984981419587812,0.2145307662277208,7.550000000000011,1.1546319456101628e-14,0.0020692337722791,0.23218254685710768,0.017651780629386882,0.017651780629386882
2022-09-28,15,0.0410677618069815,4225,1.0732309482253308,3940.786328360648,1.0721210560425345,Call,SPXW,SPXW220928C04225000,4.1,0.2167,0.0365977324873474,0.9984981419587812,0.2145466228489188,4.099999999999966,3.3750779948604765e-14,0.0021533771510811,0.23791560016427532,0.02336897731535653,0.02336897731535653
2022-10-14,31,0.0848733744010951,3100,0.787459393964148,3945.174096903203,0.7857701393794942,Put,SPXW,SPXW221014P03100000,4.2,0.4273,0.0367053136294934,0.996889543697636,0.4248169147733665,4.200000000004152,4.1522341120980855e-12,0.0024830852266334,0.39178092923376856,-0.03303598553959797,0.03303598553959797
2022-10-14,31,0.0848733744010951,3375,0.8573146627835482,3945.174096903203,0.8554755549696106,Put,SPXW,SPXW221014P03375000,9.75,0.3488,0.0367053136294934,0.996889543697636,0.3471606342854053,9.74999999995842,4.1580960896681056e-11,0.0016393657145946,0.33675581721651804,-0.01040481706888724,0.01040481706888724
2022-10-14,31,0.0848733744010951,3470,0.8814464829211592,3945.174096903203,0.8795556076280144,Put,SPXW,SPXW221014P03470000,13.95,0.3254,0.0367053136294934,0.996889543697636,0.3240987841033858,13.950000000000102,1.0302869668521453e-13,0.0013012158966142,0.31724811141524545,-0.006850672688140325,0.006850672688140325
2022-10-14,31,0.0848733744010951,3520,0.8941474408883229,3945.174096903203,0.8922293195534902,Put,SPXW,SPXW221014P03520000,17.15,0.3144,0.0367053136294934,0.996889543697636,0.3132279716304214,17.149999999990882,9.116263299802084e-12,0.0011720283695786,0.30689133850206307,-0.006336633128358304,0.006336633128358304
2022-10-14,31,0.0848733744010951,3575,0.908118494652203,3945.174096903203,0.9061704026715136,Put,SPXW,SPXW221014P03575000,21.75,0.3032,0.0367053136294934,0.996889543697636,0.302150678142355,21.749999999999886,1.1368683772161605e-13,0.001049321857645,0.29545381359718187,-0.0066968645451731534,0.0066968645451731534
2022-10-14,31,0.0848733744010951,3625,0.9208194526193666,3945.174096903203,0.9188441145969892,Put,SPXW,SPXW221014P03625000,27.15,0.2936,0.0367053136294934,0.996889543697636,0.2927035598307211,27.149999999999977,2.131628207280301e-14,0.0008964401692788,0.2850465984093809,-0.007656961421340203,0.007656961421340203
2022-10-14,31,0.0848733744010951,3675,0.9335204105865302,3945.174096903203,0.931517826522465,Put,SPXW,SPXW221014P03675000,34.15,0.2851,0.0367053136294934,0.996889543697636,0.2842857629980422,34.14999999999952,4.760636329592671e-13,0.0008142370019577,0.27468495899717593,-0.00960080400086627,0.00960080400086627
2022-10-14,31,0.0848733744010951,3720,0.9449512727569775,3945.174096903203,0.9429241672553932,Put,SPXW,SPXW221014P03720000,42.05,0.278,0.0367053136294934,0.996889543697636,0.2773080191303917,42.04999999999996,4.263256414560601e-14,0.0006919808696082,0.2654633058948478,-0.011844713235543924,0.011844713235543924
2022-10-14,31,0.0848733744010951,3750,0.9525718475372758,3945.174096903203,0.9505283944106784,Put,SPXW,SPXW221014P03750000,48.2,0.2732,0.0367053136294934,0.996889543697636,0.2726773827982136,48.20000000000027,2.700062395888381e-13,0.0005226172017863,0.2594121293459068,-0.01326525345230678,0.01326525345230678
2022-10-14,31,0.0848733744010951,3785,0.9614625181142904,3945.174096903203,0.9593999927585116,Put,SPXW,SPXW221014P03785000,56.45,0.268,0.0367053136294934,0.996889543697636,0.2674704535068548,56.4500000000005,4.973799150320701e-13,0.0005295464931452,0.25250343161550126,-0.014967021891353516,0.014967021891353516
2022-10-14,31,0.0848733744010951,3815,0.9690830928945886,3945.174096903203,0.9670042199137968,Put,SPXW,SPXW221014P03815000,64.4,0.2632,0.0367053136294934,0.996889543697636,0.262830884034252,64.39999999999986,1.4210854715202006e-13,0.000369115965748,0.2467632111372517,-0.016067672897000285,0.016067672897000285
2022-10-14,31,0.0848733744010951,3845,0.9767036676748868,3945.174096903203,0.9746084470690825,Put,SPXW,SPXW221014P03845000,73.3,0.2585,0.0367053136294934,0.996889543697636,0.2581860429800722,73.29999999999927,7.247535904753022e-13,0.0003139570199277,0.2412499084402957,-0.016936134539776493,0.016936134539776493
2022-10-14,31,0.0848733744010951,3875,0.984324242455185,3945.174096903203,0.9822126742243678,Put,SPXW,SPXW221014P03875000,83.2,0.2537,0.0367053136294934,0.996889543697636,0.2534729056094632,83.19999999991478,8.522249572706642e-11,0.0002270943905367,0.23603153568884908,-0.017441369920614097,0.017441369920614097
2022-10-14,31,0.0848733744010951,3905,0.9919448172354832,3945.174096903203,0.9898169013796532,Put,SPXW,SPXW221014P03905000,94.15,0.2487,0.0367053136294934,0.996889543697636,0.2486377827038794,94.14999999999986,1.4210854715202006e-13,6.221729612054805e-05,0.23118797266914995,-0.01744981003472945,0.01744981003472945
2022-10-14,31,0.0848733744010951,3935,0.9995653920157814,3945.174096903203,0.9974211285349386,Put,SPXW,SPXW221014P03935000,106.15,0.2435,0.0367053136294934,0.996889543697636,0.2435245111214111,106.15000000000008,8.526512829121202e-14,2.4511121411135983e-05,0.22680881662147737,-0.016715694499933736,0.016715694499933736
2022-10-14,31,0.0848733744010951,3965,1.0071859667960796,3945.174096903203,1.005025355690224,Call,SPXW,SPXW221014C03965000,98.45,0.2381,0.0367053136294934,0.996889543697636,0.2358252235084909,98.45000000000005,4.263256414560601e-14,0.002274776491509,0.22298674150984701,-0.012838481998643875,0.012838481998643875
2022-10-14,31,0.0848733744010951,4000,1.0160766373730945,3945.174096903203,1.0138969540380571,Call,SPXW,SPXW221014C04000000,80.65,0.2319,0.0367053136294934,0.996889543697636,0.2297738385778432,80.65000000000464,4.632738637155853e-12,0.0021261614221567,0.2193439174779333,-0.010429921099909895,0.010429921099909895
2022-10-14,31,0.0848733744010951,4030,1.0236972121533925,3945.174096903203,1.0215011811933423,Call,SPXW,SPXW221014C04030000,67.0,0.2268,0.0367053136294934,0.996889543697636,0.2248248673824908,66.99999999999977,2.273736754432321e-13,0.0019751326175091,0.21699204710530198,-0.007832820277188818,0.007832820277188818
2022-10-14,31,0.0848733744010951,4060,1.0313177869336907,3945.174096903203,1.029105408348628,Call,SPXW,SPXW221014C04060000,54.9,0.2221,0.0367053136294934,0.996889543697636,0.2201876357441329,54.89999999999986,1.3500311979441906e-13,0.001912364255867,0.215381922276011,-0.004805713468121892,0.004805713468121892
2022-10-14,31,0.0848733744010951,4095,1.0402084575107051,3945.174096903203,1.0379770066964609,Call,SPXW,SPXW221014C04095000,42.75,0.2171,0.0367053136294934,0.996889543697636,0.2152283714884329,42.75000000000023,2.273736754432321e-13,0.001871628511567,0.21442640640907343,-0.000801965079359479,0.000801965079359479
2022-10-14,31,0.0848733744010951,4125,1.047829032291003,3945.174096903203,1.0455812338517465,Call,SPXW,SPXW221014C04125000,34.05,0.2134,0.0367053136294934,0.996889543697636,0.2116011265484925,34.05000000000007,7.105427357601003e-14,0.0017988734515074,0.21434558698248693,0.002744460433994428,0.002744460433994428
2022-10-14,31,0.0848733744010951,4175,1.060529990258167,3945.174096903203,1.058254945777222,Call,SPXW,SPXW221014C04175000,22.700000000000003,0.2084,0.0367053136294934,0.996889543697636,0.2066739334939876,22.69999999999993,7.105427357601003e-14,0.0017260665060123,0.21551380153197733,0.008839868037989723,0.008839868037989723
2022-10-14,31,0.0848733744010951,4225,1.0732309482253308,3945.174096903203,1.0709286577026975,Call,SPXW,SPXW221014C04225000,14.8,0.2052,0.0367053136294934,0.996889543697636,0.2034806260659349,14.800000000037244,3.724309749486565e-11,0.001719373934065,0.21796787291514905,0.014487246849214153,0.014487246849214153
2022-10-14,31,0.0848733744010951,4275,1.0859319061924944,3945.174096903203,1.0836023696281734,Call,SPXW,SPXW221014C04275000,9.45,0.2032,0.0367053136294934,0.996889543697636,0.2014755577919635,9.4499999999976,2.398081733190338e-12,0.0017244422080364,0.22134484939288077,0.01986929160091727,0.01986929160091727
2022-10-14,31,0.0848733744010951,4350,1.10498334314324,3945.174096903203,1.1026129375163871,Call,SPXW,SPXW221014C04350000,4.8,0.203,0.0367053136294934,0.996889543697636,0.2012014703484227,4.800000000001461,1.461053500406706e-12,0.0017985296515772,0.22752413153114434,0.02632266118272164,0.02632266118272164
