Expiration Date,T_days,T,Strike,K_over_S0,Forward,K_over_F0,Option_type,Root,Contract,Market_price,IV_BDD,r_GSW,Discount_factor,IV_market,BS_reconstructed_price,BS_reconstruction_error,IV_BDD_error,IV_Heston,Residual_IV_Heston,Abs_error_IV_Heston
2022-09-14,1,0.0027378507871321,3880,0.9855943382519012,3936.9814263393455,0.9855266204818428,Put,SPXW,SPXW220914P03880000,5.25,0.3606,0.0364992080783356,0.9999000756072076,0.2886238858604807,5.249999999999545,4.547473508864641e-13,0.0719761141395192,0.30340389834812087,0.01478001248764016,0.01478001248764016
2022-09-14,1,0.0027378507871321,3885,0.9868644340486176,3936.9814263393455,0.9867966290133916,Put,SPXW,SPXW220914P03885000,5.95,0.3566,0.0364992080783356,0.9999000756072076,0.2849875000371651,5.949999999997203,2.7968738436356944e-12,0.0716124999628348,0.30070476642849103,0.015717266391325924,0.015717266391325924
2022-09-14,1,0.0027378507871321,3890,0.988134529845334,3936.9814263393455,0.9880666375449404,Put,SPXW,SPXW220914P03890000,6.85,0.355,0.0364992080783356,0.9999000756072076,0.2832657583532689,6.850000000001842,1.84208204245806e-12,0.071734241646731,0.29801116772675323,0.014745409373484342,0.014745409373484342
2022-09-14,1,0.0027378507871321,3895,0.9894046256420505,3936.9814263393455,0.9893366460764892,Put,SPXW,SPXW220914P03895000,7.8,0.3523,0.0364992080783356,0.9999000756072076,0.2805642584811562,7.799999999999841,1.5898393712632244e-13,0.0717357415188437,0.29532796226187813,0.014763703780721948,0.014763703780721948
2022-09-14,1,0.0027378507871321,3900,0.9906747214387668,3936.9814263393455,0.9906066546080378,Put,SPXW,SPXW220914P03900000,8.95,0.3512,0.0364992080783356,0.9999000756072076,0.2791690867691719,8.949999999999363,6.359357485052898e-13,0.0720309132308281,0.2926609544032809,0.013491867634108978,0.013491867634108978
2022-09-14,1,0.0027378507871321,3905,0.9919448172354832,3936.9814263393455,0.9918766631395866,Put,SPXW,SPXW220914P03905000,10.2,0.3496,0.0364992080783356,0.9999000756072076,0.2773118766041637,10.200000000016644,1.6644463585180347e-11,0.0722881233958362,0.2900170394268263,0.012705162822662597,0.012705162822662597
2022-09-14,1,0.0027378507871321,3910,0.9932149130321996,3936.9814263393455,0.9931466716711354,Put,SPXW,SPXW220914P03910000,11.6,0.3483,0.0364992080783356,0.9999000756072076,0.2756175138855407,11.599999999999454,5.453415496958769e-13,0.0726824861144593,0.2874043536019939,0.011786839716453223,0.011786839716453223
2022-09-14,1,0.0027378507871321,3915,0.994485008828916,3936.9814263393455,0.994416680202684,Put,SPXW,SPXW220914P03915000,13.2,0.3479,0.0364992080783356,0.9999000756072076,0.2746094057231388,13.199999999999818,1.8118839761882557e-13,0.0732905942768611,0.2848324157490841,0.010223010025945278,0.010223010025945278
2022-09-14,1,0.0027378507871321,3920,0.9957551046256324,3936.9814263393455,0.9956866887342328,Put,SPXW,SPXW220914P03920000,14.85,0.3459,0.0364992080783356,0.9999000756072076,0.2722052530135102,14.850000000000136,1.3677947663381929e-13,0.0736947469864898,0.2823122400954338,0.010106987081923646,0.010106987081923646
2022-09-14,1,0.0027378507871321,3925,0.9970252004223488,3936.9814263393455,0.9969566972657816,Put,SPXW,SPXW220914P03925000,16.75,0.3453,0.0364992080783356,0.9999000756072076,0.2709167616689267,16.749999999977945,2.205524651799351e-11,0.0743832383310733,0.2798563927201791,0.008939631051252395,0.008939631051252395
2022-09-14,1,0.0027378507871321,3930,0.998295296219065,3936.9814263393455,0.9982267057973304,Put,SPXW,SPXW220914P03930000,18.75,0.3438,0.0364992080783356,0.9999000756072076,0.2687540216100699,18.75,0.0,0.07504597838993,0.27747895693671865,0.008724935326648753,0.008724935326648753
2022-09-14,1,0.0027378507871321,3935,0.9995653920157814,3936.9814263393455,0.9994967143288792,Put,SPXW,SPXW220914P03935000,20.9,0.3421,0.0364992080783356,0.9999000756072076,0.2662885608806289,20.8999999999985,1.4992451724538114e-12,0.0758114391193711,0.2751953691938791,0.008906808313250192,0.008906808313250192
2022-09-14,1,0.0027378507871321,3940,1.000835487812498,3936.9814263393455,1.000766722860428,Call,SPXW,SPXW220914C03940000,22.450000000000003,0.3317,0.0364992080783356,0.9999000756072076,0.2910882002499617,22.450000000025057,2.5053736862901133e-11,0.0406117997500383,0.2730220892127655,-0.018066111037196186,0.018066111037196186
2022-09-14,1,0.0027378507871321,3945,1.002105583609214,3936.9814263393455,1.002036731391977,Call,SPXW,SPXW220914C03945000,19.950000000000003,0.3293,0.0364992080783356,0.9999000756072076,0.2886534931698506,19.950000000000045,4.263256414560601e-14,0.0406465068301493,0.27097608055510214,-0.017677412614748478,0.017677412614748478
2022-09-14,1,0.0027378507871321,3950,1.0033756794059303,3936.9814263393455,1.0033067399235254,Call,SPXW,SPXW220914C03950000,17.6,0.3281,0.0364992080783356,0.9999000756072076,0.2859716672200136,17.599999999997863,2.1387336346379016e-12,0.0421283327799864,0.26907410431517037,-0.016897562904843233,0.016897562904843233
2022-09-14,1,0.0027378507871321,3955,1.004645775202647,3936.9814263393455,1.0045767484550745,Call,SPXW,SPXW220914C03955000,15.45,0.3264,0.0364992080783356,0.9999000756072076,0.2836443763139483,15.450000000000044,4.618527782440651e-14,0.0427556236860517,0.2673318680828419,-0.016312508231106415,0.016312508231106415
2022-09-14,1,0.0027378507871321,3960,1.0059158709993632,3936.9814263393455,1.005846756986623,Call,SPXW,SPXW220914C03960000,13.45,0.3243,0.0364992080783356,0.9999000756072076,0.2810408221615121,13.450000000000273,2.7355895326763857e-13,0.0432591778384878,0.2657631159581876,-0.015277706203324526,0.015277706203324526
2022-09-14,1,0.0027378507871321,3965,1.0071859667960796,3936.9814263393455,1.007116765518172,Call,SPXW,SPXW220914C03965000,11.6,0.3217,0.0364992080783356,0.9999000756072076,0.2781468758099723,11.599999999999907,9.059419880941277e-14,0.0435531241900276,0.2643787785658157,-0.013768097244156619,0.013768097244156619
2022-09-14,1,0.0027378507871321,3970,1.008456062592796,3936.9814263393455,1.0083867740497203,Call,SPXW,SPXW220914C03970000,10.0,0.3205,0.0364992080783356,0.9999000756072076,0.2763855256079504,10.0,0.0,0.0441144743920496,0.2631863092549744,-0.013199216352975995,0.013199216352975995
2022-09-14,1,0.0027378507871321,3975,1.0097261583895123,3936.9814263393455,1.0096567825812692,Call,SPXW,SPXW220914C03975000,8.65,0.3208,0.0364992080783356,0.9999000756072076,0.27600425662037,8.649999999993838,6.162181875879469e-12,0.0447957433796299,0.26218930872502244,-0.01381494789534754,0.01381494789534754
2022-09-14,1,0.0027378507871321,3980,1.0109962541862287,3936.9814263393455,1.010926791112818,Call,SPXW,SPXW220914C03980000,7.3,0.3183,0.0364992080783356,0.9999000756072076,0.2733442731243656,7.299999999999727,2.7267077484793845e-13,0.0449557268756343,0.2613874869134586,-0.011956786210907011,0.011956786210907011
2022-09-14,1,0.0027378507871321,3985,1.0122663499829452,3936.9814263393455,1.0121967996443668,Call,SPXW,SPXW220914C03985000,6.15,0.3168,0.0364992080783356,0.9999000756072076,0.2715009371584985,6.149999999999977,2.3092638912203256e-14,0.0452990628415014,0.2607769463852593,-0.010723990773239211,0.010723990773239211
2022-09-14,1,0.0027378507871321,3990,1.0135364457796614,3936.9814263393455,1.0134668081759155,Call,SPXW,SPXW220914C03990000,5.15,0.3155,0.0364992080783356,0.9999000756072076,0.2698860673591935,5.150000000000205,2.042810365310288e-13,0.0456139326408064,0.26035071659820447,-0.009535350760989048,0.009535350760989048
2022-09-16,3,0.007472051106548,3845,0.9767036676748868,3937.4495750257634,0.9765204421633366,Put,SPX,SPX220916P03845000,9.15,0.3146,0.0365116026519631,0.9997272206500564,0.2921671571131902,9.14999999999975,2.504663143554353e-13,0.0224328428868097,0.3059505822697596,0.013783425156569384,0.013783425156569384
2022-09-16,3,0.007472051106548,3885,0.9868644340486176,3937.4495750257634,0.9866793024199122,Put,SPX,SPX220916P03885000,16.55,0.2966,0.0365116026519631,0.9997272206500564,0.2744661898658987,16.550000000033606,3.360511868777394e-11,0.0221338101341012,0.2845144200390065,0.010048230173107797,0.010048230173107797
2022-09-16,3,0.007472051106548,3925,0.9970252004223488,3937.4495750257634,0.9968381626764878,Put,SPX,SPX220916P03925000,29.2,0.2814,0.0365116026519631,0.9997272206500564,0.2587813690153562,29.199999999999815,1.8118839761882557e-13,0.0226186309846437,0.264238476569326,0.0054571075539697755,0.0054571075539697755
2022-09-16,3,0.007472051106548,3965,1.0071859667960796,3937.4495750257634,1.0069970229330636,Call,SPX,SPX220916C03965000,23.2,0.2696,0.0365116026519631,0.9997272206500564,0.258951855253997,23.200000000000045,4.618527782440651e-14,0.0106481447460029,0.24982792732571243,-0.009123927928284564,0.009123927928284564
2022-09-16,3,0.007472051106548,4005,1.0173467331698105,3937.4495750257634,1.0171558831896392,Call,SPX,SPX220916C04005000,10.55,0.2612,0.0365116026519631,0.9997272206500564,0.2500172605140382,10.550000000000182,1.8118839761882557e-13,0.0111827394859617,0.24601902611128532,-0.003998234402752904,0.003998234402752904
2022-09-16,3,0.0082135523613963,3565,0.9055783030587702,3937.522946229548,0.9053915491244908,Put,SPXW,SPXW220916P03565000,0.825,0.5304,0.0365135381688637,0.9997001391096164,0.4983310003066291,0.8250000000000668,6.683542608243442e-14,0.0320689996933708,0.42954266383922973,-0.06878833646739935,0.06878833646739935
2022-09-16,3,0.0082135523613963,3620,0.9195493568226504,3937.522946229548,0.9193597216916288,Put,SPXW,SPXW220916P03620000,1.125,0.4803,0.0365135381688637,0.9997001391096164,0.4511477059089115,1.125000000000071,7.105427357601003e-14,0.0291522940910884,0.4077754394386326,-0.04337226647027892,0.04337226647027892
2022-09-16,3,0.0082135523613963,3665,0.9309802189930976,3937.522946229548,0.9307882265192872,Put,SPXW,SPXW220916P03665000,1.525,0.4407,0.0365135381688637,0.9997001391096164,0.4138591404968811,1.5249999999999346,6.52811138479592e-14,0.0268408595031188,0.3890999282821911,-0.02475921221469002,0.02475921221469002
2022-09-16,3,0.0082135523613963,3695,0.9386007937733958,3937.522946229548,0.9384072297377264,Put,SPXW,SPXW220916P03695000,1.925,0.4152,0.0365135381688637,0.9997001391096164,0.3897925435274851,1.9250000000000969,9.658940314238863e-14,0.0254074564725148,0.37614418629821295,-0.013648357229272157,0.013648357229272157
2022-09-16,3,0.0082135523613963,3725,0.946221368553694,3937.522946229548,0.9460262329561652,Put,SPXW,SPXW220916P03725000,2.55,0.3921,0.0365135381688637,0.9997001391096164,0.3680041363767695,2.549999999999983,1.6875389974302383e-14,0.0240958636232304,0.3627294368033855,-0.005274699573384001,0.005274699573384001
2022-09-16,3,0.0082135523613963,3755,0.9538419433339922,3937.522946229548,0.953645236174604,Put,SPXW,SPXW220916P03755000,3.55,0.3719,0.0365135381688637,0.9997001391096164,0.3488239559839663,3.550000000000068,6.838973831690964e-14,0.0230760440160336,0.34880229673201296,-2.1659251953354275e-05,2.1659251953354275e-05
2022-09-16,3,0.0082135523613963,3790,0.9627326139110068,3937.522946229548,0.9625340732627828,Put,SPXW,SPXW220916P03790000,5.45,0.3508,0.0365135381688637,0.9997001391096164,0.3288182095128314,5.450000000004593,4.592770608269348e-12,0.0219817904871685,0.3318426554076686,0.003024445894837191,0.003024445894837191
2022-09-16,3,0.0082135523613963,3815,0.9690830928945886,3937.522946229548,0.9688832426114818,Put,SPXW,SPXW220916P03815000,7.55,0.3373,0.0365135381688637,0.9997001391096164,0.3159102736694359,7.549999999999613,3.8635761256955453e-13,0.021389726330564,0.3192362233061381,0.0033259496367021857,0.0033259496367021857
2022-09-16,3,0.0082135523613963,3835,0.974163476081454,3937.522946229548,0.9739625780904412,Put,SPXW,SPXW220916P03835000,10.0,0.329,0.0365135381688637,0.9997001391096164,0.3078009328738318,9.999999999999773,2.273736754432321e-13,0.0211990671261681,0.3088681259482634,0.0010671930744315938,0.0010671930744315938
2022-09-16,3,0.0082135523613963,3860,0.980513955065036,3937.522946229548,0.9803117474391404,Put,SPXW,SPXW220916P03860000,14.15,0.3191,0.0365135381688637,0.9997001391096164,0.2981280672935799,14.149999999999864,1.3677947663381929e-13,0.02097193270642,0.2956326594933739,-0.002495407800205962,0.002495407800205962
2022-09-16,3,0.0082135523613963,3875,0.984324242455185,3937.522946229548,0.9841212490483596,Put,SPXW,SPXW220916P03875000,17.450000000000003,0.3143,0.0365135381688637,0.9997001391096164,0.2933342487871991,17.450000000000273,2.700062395888381e-13,0.0209657512128008,0.28762766884951924,-0.005706579937679868,0.005706579937679868
2022-09-16,3,0.0082135523613963,3900,0.9906747214387668,3937.522946229548,0.9904704183970588,Put,SPXW,SPXW220916P03900000,24.450000000000003,0.3069,0.0365135381688637,0.9997001391096164,0.285729639051167,24.450000000041427,4.142464149481384e-11,0.021170360948833,0.2744853494729483,-0.011244289578218714,0.011244289578218714
2022-09-16,3,0.0082135523613963,3915,0.994485008828916,3937.522946229548,0.9942799200062784,Put,SPXW,SPXW220916P03915000,29.65,0.3026,0.0365135381688637,0.9997001391096164,0.2811737988280595,29.649999999999864,1.3500311979441906e-13,0.0214262011719404,0.26699198670265956,-0.014181812125399929,0.014181812125399929
2022-09-16,3,0.0082135523613963,3940,1.000835487812498,3937.522946229548,1.0006290893549774,Call,SPXW,SPXW220916C03940000,39.35,0.2948,0.0365135381688637,0.9997001391096164,0.2850215486531151,39.34999999999991,9.237055564881302e-14,0.0097784513468848,0.2559851996938565,-0.02903634895925855,0.02903634895925855
2022-09-16,3,0.0082135523613963,3955,1.004645775202647,3937.522946229548,1.0044385909641969,Call,SPXW,SPXW220916C03955000,31.85,0.2906,0.0365135381688637,0.9997001391096164,0.2802993858608832,31.85000000000082,8.171241461241152e-13,0.0103006141391167,0.25080473469557185,-0.02949465116531136,0.02949465116531136
2022-09-16,3,0.0082135523613963,3980,1.0109962541862287,3937.522946229548,1.010787760312896,Call,SPXW,SPXW220916C03980000,21.6,0.2851,0.0365135381688637,0.9997001391096164,0.2741769129123898,21.59999999999991,9.237055564881302e-14,0.0109230870876101,0.24542647061883727,-0.02875044229355256,0.02875044229355256
2022-09-16,3,0.0082135523613963,3995,1.0148065415763778,3937.522946229548,1.0145972619221153,Call,SPXW,SPXW220916C03995000,16.75,0.2827,0.0365135381688637,0.9997001391096164,0.271478875570012,16.749999999999545,4.547473508864641e-13,0.0112211244299879,0.24427601426657627,-0.027202861303435716,0.027202861303435716
2022-09-16,3,0.0082135523613963,4020,1.0211570205599596,3937.522946229548,1.0209464312708143,Call,SPXW,SPXW220916C04020000,10.55,0.2796,0.0365135381688637,0.9997001391096164,0.2679331902470094,10.549999999999956,4.618527782440651e-14,0.0116668097529905,0.24532059638368464,-0.02261259386332476,0.02261259386332476
2022-09-16,3,0.0082135523613963,4045,1.0275074995435416,3937.522946229548,1.0272956006195135,Call,SPXW,SPXW220916C04045000,6.35,0.2778,0.0365135381688637,0.9997001391096164,0.2656151038850872,6.349999999999454,5.453415496958769e-13,0.0121848961149127,0.24899050692455954,-0.01662459696052765,0.01662459696052765
2022-09-16,3,0.0082135523613963,4080,1.036398170120556,3937.522946229548,1.0361844377076923,Call,SPXW,SPXW220916C04080000,3.05,0.2799,0.0365135381688637,0.9997001391096164,0.267025342857053,3.0499999999999545,4.5297099404706393e-14,0.0128746571429469,0.2565350955782834,-0.010490247278769571,0.010490247278769571
2022-09-20,7,0.0191649555099247,3720,0.9449512727569775,3938.608044430406,0.9444961158956804,Put,SPXW,SPXW220920P03720000,5.25,0.297,0.036541941945302,0.9992999204784726,0.2885811413740663,5.250000000016257,1.6257217794191092e-11,0.0084188586259336,0.3328139955825552,0.04423285420848888,0.04423285420848888
2022-09-20,7,0.0191649555099247,3735,0.9487615601471266,3938.608044430406,0.9483045679759048,Put,SPXW,SPXW220920P03735000,6.05,0.2909,0.036541941945302,0.9992999204784726,0.2826880809300119,6.050000000000864,8.64197602368222e-13,0.008211919069988,0.32640012540247076,0.043712044472458855,0.043712044472458855
2022-09-20,7,0.0191649555099247,3750,0.9525718475372758,3938.608044430406,0.9521130200561294,Put,SPXW,SPXW220920P03750000,7.05,0.2857,0.036541941945302,0.9992999204784726,0.2775420915714505,7.049999999999898,1.021405182655144e-13,0.0081579084285494,0.319905156383951,0.04236306481250052,0.04236306481250052
2022-09-20,7,0.0191649555099247,3770,0.9576522307241412,3938.608044430406,0.9571909561630956,Put,SPXW,SPXW220920P03770000,8.7,0.2792,0.036541941945302,0.9992999204784726,0.2711702360005962,8.700000000006753,6.753708703399752e-12,0.0080297639994037,0.31112816285118244,0.039957926850586245,0.039957926850586245
2022-09-20,7,0.0191649555099247,3785,0.9614625181142904,3938.608044430406,0.96099940824332,Put,SPXW,SPXW220920P03785000,10.15,0.2741,0.036541941945302,0.9992999204784726,0.2661334821277072,10.150000000002253,2.2506441155201173e-12,0.0079665178722927,0.3044702785317662,0.038336796404059015,0.038336796404059015
2022-09-20,7,0.0191649555099247,3800,0.9652728055044396,3938.608044430406,0.9648078603235444,Put,SPXW,SPXW220920P03800000,12.0,0.2702,0.036541941945302,0.9992999204784726,0.2623320082759094,12.000000000000796,7.958078640513122e-13,0.0078679917240905,0.29776168982215717,0.03542968154624776,0.03542968154624776
2022-09-20,7,0.0191649555099247,3815,0.9690830928945886,3938.608044430406,0.968616312403769,Put,SPXW,SPXW220920P03815000,14.1,0.2663,0.036541941945302,0.9992999204784726,0.2581474271893216,14.099999999993088,6.911804462106375e-12,0.0081525728106783,0.29101780947806155,0.03287038228873995,0.03287038228873995
2022-09-20,7,0.0191649555099247,3830,0.9728933802847376,3938.608044430406,0.9724247644839936,Put,SPXW,SPXW220920P03830000,16.700000000000003,0.2628,0.036541941945302,0.9992999204784726,0.2550078041403761,16.700000000000045,4.263256414560601e-14,0.0077921958596238,0.28426072527229157,0.029252921131915466,0.029252921131915466
2022-09-20,7,0.0191649555099247,3850,0.9779737634716033,3938.608044430406,0.9775027005909596,Put,SPXW,SPXW220920P03850000,20.75,0.2583,0.036541941945302,0.9992999204784726,0.250487923848484,20.749999999997044,2.9558577807620168e-12,0.0078120761515159,0.27528962263751694,0.024801698789032933,0.024801698789032933
2022-09-20,7,0.0191649555099247,3865,0.9817840508617522,3938.608044430406,0.981311152671184,Put,SPXW,SPXW220920P03865000,24.35,0.2549,0.036541941945302,0.9992999204784726,0.2472549851477253,24.35000000000832,8.320455435750773e-12,0.0076450148522747,0.26865271381288514,0.02139772866515985,0.02139772866515985
2022-09-20,7,0.0191649555099247,3880,0.9855943382519012,3938.608044430406,0.9851196047514086,Put,SPXW,SPXW220920P03880000,28.4,0.2522,0.036541941945302,0.9992999204784726,0.2436987900222605,28.39999999999964,3.623767952376511e-13,0.0085012099777394,0.262164763460069,0.01846597343780851,0.01846597343780851
2022-09-20,7,0.0191649555099247,3895,0.9894046256420505,3938.608044430406,0.9889280568316332,Put,SPXW,SPXW220920P03895000,33.150000000000006,0.2489,0.036541941945302,0.9992999204784726,0.2408577964298952,33.14999999999873,1.2789769243681805e-12,0.0080422035701048,0.25590744468145155,0.015049648251556358,0.015049648251556358
2022-09-20,7,0.0191649555099247,3910,0.9932149130321996,3938.608044430406,0.9927365089118576,Put,SPXW,SPXW220920P03910000,38.5,0.2461,0.036541941945302,0.9992999204784726,0.2379687251350418,38.49999999995043,4.956746124662459e-11,0.0081312748649581,0.24998419398069058,0.012015468845648775,0.012015468845648775
2022-09-20,7,0.0191649555099247,3930,0.998295296219065,3938.608044430406,0.9978144450188235,Put,SPXW,SPXW220920P03930000,46.4,0.2418,0.036541941945302,0.9992999204784726,0.2329753593228473,46.39999999999986,1.3500311979441906e-13,0.0088246406771526,0.24283000801532567,0.009854648692478374,0.009854648692478374
2022-09-20,7,0.0191649555099247,3945,1.002105583609214,3938.608044430406,1.0016228970990482,Call,SPXW,SPXW220920C03945000,47.95,0.237,0.036541941945302,0.9992999204784726,0.2348101571561134,47.94999999998322,1.6783019418653566e-11,0.0021898428438865,0.23821367099182353,0.003403513835710137,0.003403513835710137
2022-09-20,7,0.0191649555099247,3960,1.0059158709993632,3938.608044430406,1.0054313491792726,Call,SPXW,SPXW220920C03960000,40.5,0.2339,0.036541941945302,0.9992999204784726,0.2315632938797517,40.500000000000455,4.547473508864641e-13,0.0023367061202483,0.23440180167458424,0.002838507794832551,0.002838507794832551
2022-09-20,7,0.0191649555099247,3975,1.0097261583895123,3938.608044430406,1.0092398012594972,Call,SPXW,SPXW220920C03975000,33.8,0.231,0.036541941945302,0.9992999204784726,0.2284633377917626,33.799999999999955,4.263256414560601e-14,0.0025366622082373,0.23151059613512887,0.003047258343366277,0.003047258343366277
2022-09-20,7,0.0191649555099247,3995,1.0148065415763778,3938.608044430406,1.0143177373664631,Call,SPXW,SPXW220920C03995000,26.15,0.2279,0.036541941945302,0.9992999204784726,0.22513742034107,26.149999999999864,1.3500311979441906e-13,0.0027625796589299,0.2291907743742931,0.0040533540332231,0.0040533540332231
2022-09-20,7,0.0191649555099247,4010,1.018616828966527,3938.608044430406,1.0181261894466878,Call,SPXW,SPXW220920C04010000,21.25,0.2257,0.036541941945302,0.9992999204784726,0.2227626561558175,21.25,0.0,0.0029373438441824,0.22858978099656027,0.00582712484074277,0.00582712484074277
2022-09-20,7,0.0191649555099247,4025,1.022427116356676,3938.608044430406,1.0219346415269122,Call,SPXW,SPXW220920C04025000,17.1,0.224,0.036541941945302,0.9992999204784726,0.2208691313101342,17.09999999999991,9.237055564881302e-14,0.0031308686898657,0.22888214311005445,0.008013011799920255,0.008013011799920255
2022-09-20,7,0.0191649555099247,4040,1.0262374037468251,3938.608044430406,1.0257430936071368,Call,SPXW,SPXW220920C04040000,13.6,0.2224,0.036541941945302,0.9992999204784726,0.2191954328067123,13.599999999999568,4.316547119742609e-13,0.0032045671932876,0.22994802315461704,0.010752590347904739,0.010752590347904739
2022-09-20,7,0.0191649555099247,4055,1.0300476911369745,3938.608044430406,1.0295515456873612,Call,SPXW,SPXW220920C04055000,10.7,0.2211,0.036541941945302,0.9992999204784726,0.2177981643428942,10.699999999999818,1.8118839761882557e-13,0.0033018356571057,0.23165132075010272,0.013853156407208522,0.013853156407208522
2022-09-20,7,0.0191649555099247,4075,1.0351280743238398,3938.608044430406,1.0346294817943271,Call,SPXW,SPXW220920C04075000,7.7,0.2203,0.036541941945302,0.9992999204784726,0.2167925052556561,7.700000000000728,7.274181257344027e-13,0.0035074947443438,0.2346906652718592,0.01789816001620309,0.01789816001620309
2022-09-20,7,0.0191649555099247,4090,1.038938361713989,3938.608044430406,1.0384379338745515,Call,SPXW,SPXW220920C04090000,5.95,0.2199,0.036541941945302,0.9992999204784726,0.216258688836592,5.9500000000003865,3.8635761256955453e-13,0.0036413111634079,0.237404900779046,0.021146211942454002,0.021146211942454002
2022-09-20,7,0.0191649555099247,4110,1.0440187449008542,3938.608044430406,1.043515869981518,Call,SPXW,SPXW220920C04110000,4.2,0.2201,0.036541941945302,0.9992999204784726,0.2163011700585539,4.199999999993793,6.207478975284175e-12,0.003798829941446,0.2414385533454126,0.02513738328685869,0.02513738328685869
2022-09-28,15,0.0410677618069815,3450,0.8763660997342937,3940.786328360648,0.8754597972418329,Put,SPXW,SPXW220928P03450000,4.2,0.3748,0.0365977324873474,0.9984981419587812,0.3699108902010517,4.200000000018264,1.8263612844293675e-11,0.0048891097989482,0.3806770214353817,0.010766131234329956,0.010766131234329956
2022-09-28,15,0.0410677618069815,3625,0.9208194526193666,3940.786328360648,0.919867178261346,Put,SPXW,SPXW220928P03625000,10.65,0.318,0.0365977324873474,0.9984981419587812,0.3140831368014382,10.649999999999864,1.3677947663381929e-13,0.0039168631985617,0.3263908482646656,0.0123077114632274,0.0123077114632274
2022-09-28,15,0.0410677618069815,3690,0.9373306979766792,3940.786328360648,0.9363613483543082,Put,SPXW,SPXW220928P03690000,15.85,0.3,0.0365977324873474,0.9984981419587812,0.2963733697476687,15.850000000000476,4.778399897986674e-13,0.0036266302523312,0.30538586174550736,0.009012491997838656,0.009012491997838656
2022-09-28,15,0.0410677618069815,3725,0.946221368553694,3940.786328360648,0.9452428245582108,Put,SPXW,SPXW220928P03725000,19.9,0.2917,0.0365977324873474,0.9984981419587812,0.2881271218379863,19.900000000000205,2.0605739337042905e-13,0.0035728781620136,0.29396944403281877,0.005842322194832494,0.005842322194832494
2022-09-28,15,0.0410677618069815,3755,0.9538419433339922,3940.786328360648,0.9528555184472705,Put,SPXW,SPXW220928P03755000,24.200000000000003,0.2848,0.0365977324873474,0.9984981419587812,0.2813114937991278,24.20000000000016,1.5631940186722204e-13,0.0034885062008721,0.2841818051741456,0.002870311375017809,0.002870311375017809
2022-09-28,15,0.0410677618069815,3775,0.9589223265208576,3940.786328360648,0.9579306477066432,Put,SPXW,SPXW220928P03775000,27.65,0.2807,0.0365977324873474,0.9984981419587812,0.277254460469703,27.65000000000009,9.237055564881302e-14,0.0034455395302969,0.2776825658397477,0.00042810537004472904,0.00042810537004472904
2022-09-28,15,0.0410677618069815,3795,0.9640027097077232,3940.786328360648,0.9630057769660162,Put,SPXW,SPXW220928P03795000,31.55,0.2766,0.0365977324873474,0.9984981419587812,0.2732381351381523,31.54999999996346,3.6539660186463146e-11,0.0033618648618476,0.27123148653096774,-0.00200664860718458,0.00200664860718458
2022-09-28,15,0.0410677618069815,3820,0.9703531886913048,3940.786328360648,0.9693496885402324,Put,SPXW,SPXW220928P03820000,37.150000000000006,0.2717,0.0365977324873474,0.9984981419587812,0.2683567056541244,37.15000000005784,5.783817869087216e-11,0.0033432943458756,0.26328655813514934,-0.0050701475189750544,0.0050701475189750544
2022-09-28,15,0.0410677618069815,3840,0.9754335718781704,3940.786328360648,0.9744248177996052,Put,SPXW,SPXW220928P03840000,42.3,0.268,0.0365977324873474,0.9984981419587812,0.2646657519458096,42.30000000000018,1.8474111129762605e-13,0.0033342480541903,0.2570776430362436,-0.007588108909566016,0.007588108909566016
2022-09-28,15,0.0410677618069815,3860,0.980513955065036,3940.786328360648,0.9794999470589782,Put,SPXW,SPXW220928P03860000,47.95,0.264,0.0365977324873474,0.9984981419587812,0.2606372018073914,47.95000000000027,2.700062395888381e-13,0.0033627981926085,0.2510559246168146,-0.009581277190576831,0.009581277190576831
2022-09-28,15,0.0410677618069815,3880,0.9855943382519012,3940.786328360648,0.9845750763183512,Put,SPXW,SPXW220928P03880000,54.2,0.2598,0.0365977324873474,0.9984981419587812,0.2564851503369281,54.19999999999982,1.8474111129762605e-13,0.0033148496630718,0.2452858733617097,-0.011199276975218386,0.011199276975218386
2022-09-28,15,0.0410677618069815,3900,0.9906747214387668,3940.786328360648,0.989650205577724,Put,SPXW,SPXW220928P03900000,61.2,0.2559,0.0365977324873474,0.9984981419587812,0.2525523672487706,61.20000000001141,1.1411316336307207e-11,0.0033476327512293,0.23984687921771095,-0.01270548803105967,0.01270548803105967
2022-09-28,15,0.0410677618069815,3920,0.9957551046256324,3940.786328360648,0.9947253348370972,Put,SPXW,SPXW220928P03920000,68.8,0.2515,0.0365977324873474,0.9984981419587812,0.2482062886567888,68.79999999999973,2.700062395888381e-13,0.0032937113432111,0.23483396759403014,-0.013372321062758652,0.013372321062758652
2022-09-28,15,0.0410677618069815,3940,1.000835487812498,3940.786328360648,0.99980046409647,Put,SPXW,SPXW220928P03940000,77.3,0.2476,0.0365977324873474,0.9984981419587812,0.2442715678392589,77.29999999999995,4.263256414560601e-14,0.003328432160741,0.23035328344721323,-0.013918284392045677,0.013918284392045677
2022-09-28,15,0.0410677618069815,3960,1.0059158709993632,3940.786328360648,1.0048755933558429,Call,SPXW,SPXW220928C03960000,67.6,0.2425,0.0365977324873474,0.9984981419587812,0.2408915464102022,67.60000000000014,1.4210854715202006e-13,0.0016084535897977,0.22651179103098318,-0.014379755379219011,0.014379755379219011
2022-09-28,15,0.0410677618069815,3980,1.0109962541862287,3940.786328360648,1.009950722615216,Call,SPXW,SPXW220928C03980000,57.7,0.2383,0.0365977324873474,0.9984981419587812,0.2367160057486886,57.70000000001551,1.5504042494285386e-11,0.0015839942513113,0.2234032938528931,-0.013312711895795498,0.013312711895795498
2022-09-28,15,0.0410677618069815,4000,1.0160766373730945,3940.786328360648,1.015025851874589,Call,SPXW,SPXW220928C04000000,48.8,0.2346,0.0365977324873474,0.9984981419587812,0.2329905308292033,48.79999999999973,2.700062395888381e-13,0.0016094691707966,0.2210944394570365,-0.011896091372166795,0.011896091372166795
2022-09-28,15,0.0410677618069815,4020,1.0211570205599596,3940.786328360648,1.020100981133962,Call,SPXW,SPXW220928C04020000,40.75,0.2309,0.0365977324873474,0.9984981419587812,0.2292049004970297,40.75,0.0,0.0016950995029702,0.21961431582684177,-0.009590584670187946,0.009590584670187946
2022-09-28,15,0.0410677618069815,4045,1.0275074995435416,3940.786328360648,1.026444892708178,Call,SPXW,SPXW220928C04045000,32.05,0.2267,0.0365977324873474,0.9984981419587812,0.2249890928679078,32.050000000062255,6.225775450729998e-11,0.0017109071320921,0.21890620041779163,-0.006082892450116173,0.006082892450116173
2022-09-28,15,0.0410677618069815,4065,1.032587882730407,3940.786328360648,1.0315200219675509,Call,SPXW,SPXW220928C04065000,26.200000000000003,0.224,0.0365977324873474,0.9984981419587812,0.2222693977642752,26.20000000004188,4.187938884570031e-11,0.0017306022357247,0.219184958234912,-0.0030844395293632143,0.0030844395293632143
2022-09-28,15,0.0410677618069815,4085,1.0376682659172725,3940.786328360648,1.0365951512269238,Call,SPXW,SPXW220928C04085000,21.200000000000003,0.2216,0.0365977324873474,0.9984981419587812,0.2198503402977818,21.200000000002436,2.4300561562995426e-12,0.0017496597022181,0.2201219753801899,0.0002716350824081004,0.0002716350824081004
2022-09-28,15,0.0410677618069815,4110,1.0440187449008542,3940.786328360648,1.04293906280114,Call,SPXW,SPXW220928C04110000,16.049999999999997,0.2191,0.0365977324873474,0.9984981419587812,0.2172690102669685,16.050000000000068,7.105427357601003e-14,0.0018309897330315,0.22206597576915188,0.004796965502183392,0.004796965502183392
2022-09-28,15,0.0410677618069815,4130,1.0490991280877198,3940.786328360648,1.048014192060513,Call,SPXW,SPXW220928C04130000,12.75,0.2176,0.0365977324873474,0.9984981419587812,0.2157376288740982,12.75000000003945,3.9449332689400756e-11,0.0018623711259017,0.2241194561257358,0.008381827251637608,0.008381827251637608
2022-09-28,15,0.0410677618069815,4175,1.060529990258167,3940.786328360648,1.059433232894102,Call,SPXW,SPXW220928C04175000,7.55,0.2166,0.0365977324873474,0.9984981419587812,0.2145307662277208,7.550000000000011,1.1546319456101628e-14,0.0020692337722791,0.22990904216493285,0.015378275937212055,0.015378275937212055
2022-09-28,15,0.0410677618069815,4225,1.0732309482253308,3940.786328360648,1.0721210560425345,Call,SPXW,SPXW220928C04225000,4.1,0.2167,0.0365977324873474,0.9984981419587812,0.2145466228489188,4.099999999999966,3.3750779948604765e-14,0.0021533771510811,0.23755116031415247,0.023004537465233676,0.023004537465233676
2022-10-14,31,0.0848733744010951,3100,0.787459393964148,3945.174096903203,0.7857701393794942,Put,SPXW,SPXW221014P03100000,4.2,0.4273,0.0367053136294934,0.996889543697636,0.4248169147733665,4.200000000004152,4.1522341120980855e-12,0.0024830852266334,0.4009956689007893,-0.023821245872577224,0.023821245872577224
2022-10-14,31,0.0848733744010951,3375,0.8573146627835482,3945.174096903203,0.8554755549696106,Put,SPXW,SPXW221014P03375000,9.75,0.3488,0.0367053136294934,0.996889543697636,0.3471606342854053,9.74999999995842,4.1580960896681056e-11,0.0016393657145946,0.3427304917900175,-0.004430142495387757,0.004430142495387757
2022-10-14,31,0.0848733744010951,3470,0.8814464829211592,3945.174096903203,0.8795556076280144,Put,SPXW,SPXW221014P03470000,13.95,0.3254,0.0367053136294934,0.996889543697636,0.3240987841033858,13.950000000000102,1.0302869668521453e-13,0.0013012158966142,0.32232565066271923,-0.001773133440666541,0.001773133440666541
2022-10-14,31,0.0848733744010951,3520,0.8941474408883229,3945.174096903203,0.8922293195534902,Put,SPXW,SPXW221014P03520000,17.15,0.3144,0.0367053136294934,0.996889543697636,0.3132279716304214,17.149999999990882,9.116263299802084e-12,0.0011720283695786,0.31156109191671433,-0.001666879713707048,0.001666879713707048
2022-10-14,31,0.0848733744010951,3575,0.908118494652203,3945.174096903203,0.9061704026715136,Put,SPXW,SPXW221014P03575000,21.75,0.3032,0.0367053136294934,0.996889543697636,0.302150678142355,21.749999999999886,1.1368683772161605e-13,0.001049321857645,0.2997321697463631,-0.0024185083959919473,0.0024185083959919473
2022-10-14,31,0.0848733744010951,3625,0.9208194526193666,3945.174096903203,0.9188441145969892,Put,SPXW,SPXW221014P03625000,27.15,0.2936,0.0367053136294934,0.996889543697636,0.2927035598307211,27.149999999999977,2.131628207280301e-14,0.0008964401692788,0.2890284149541519,-0.003675144876569225,0.003675144876569225
2022-10-14,31,0.0848733744010951,3675,0.9335204105865302,3945.174096903203,0.931517826522465,Put,SPXW,SPXW221014P03675000,34.15,0.2851,0.0367053136294934,0.996889543697636,0.2842857629980422,34.14999999999952,4.760636329592671e-13,0.0008142370019577,0.2784314949921092,-0.005854268005933028,0.005854268005933028
2022-10-14,31,0.0848733744010951,3720,0.9449512727569775,3945.174096903203,0.9429241672553932,Put,SPXW,SPXW221014P03720000,42.05,0.278,0.0367053136294934,0.996889543697636,0.2773080191303917,42.04999999999996,4.263256414560601e-14,0.0006919808696082,0.26905231292577403,-0.008255706204617685,0.008255706204617685
2022-10-14,31,0.0848733744010951,3750,0.9525718475372758,3945.174096903203,0.9505283944106784,Put,SPXW,SPXW221014P03750000,48.2,0.2732,0.0367053136294934,0.996889543697636,0.2726773827982136,48.20000000000027,2.700062395888381e-13,0.0005226172017863,0.2629250367998355,-0.009752345998378098,0.009752345998378098
2022-10-14,31,0.0848733744010951,3785,0.9614625181142904,3945.174096903203,0.9593999927585116,Put,SPXW,SPXW221014P03785000,56.45,0.268,0.0367053136294934,0.996889543697636,0.2674704535068548,56.4500000000005,4.973799150320701e-13,0.0005295464931452,0.2559553558578643,-0.011515097648990502,0.011515097648990502
2022-10-14,31,0.0848733744010951,3815,0.9690830928945886,3945.174096903203,0.9670042199137968,Put,SPXW,SPXW221014P03815000,64.4,0.2632,0.0367053136294934,0.996889543697636,0.262830884034252,64.39999999999986,1.4210854715202006e-13,0.000369115965748,0.2501835930515288,-0.012647290982723158,0.012647290982723158
2022-10-14,31,0.0848733744010951,3845,0.9767036676748868,3945.174096903203,0.9746084470690825,Put,SPXW,SPXW221014P03845000,73.3,0.2585,0.0367053136294934,0.996889543697636,0.2581860429800722,73.29999999999927,7.247535904753022e-13,0.0003139570199277,0.24465305875428414,-0.013532984225788053,0.013532984225788053
2022-10-14,31,0.0848733744010951,3875,0.984324242455185,3945.174096903203,0.9822126742243678,Put,SPXW,SPXW221014P03875000,83.2,0.2537,0.0367053136294934,0.996889543697636,0.2534729056094632,83.19999999991478,8.522249572706642e-11,0.0002270943905367,0.23942502963572973,-0.014047875973733442,0.014047875973733442
2022-10-14,31,0.0848733744010951,3905,0.9919448172354832,3945.174096903203,0.9898169013796532,Put,SPXW,SPXW221014P03905000,94.15,0.2487,0.0367053136294934,0.996889543697636,0.2486377827038794,94.14999999999986,1.4210854715202006e-13,6.221729612054805e-05,0.234570189502584,-0.014067593201295414,0.014067593201295414
2022-10-14,31,0.0848733744010951,3935,0.9995653920157814,3945.174096903203,0.9974211285349386,Put,SPXW,SPXW221014P03935000,106.15,0.2435,0.0367053136294934,0.996889543697636,0.2435245111214111,106.15000000000008,8.526512829121202e-14,2.4511121411135983e-05,0.23016661314050177,-0.013357897980909333,0.013357897980909333
2022-10-14,31,0.0848733744010951,3965,1.0071859667960796,3945.174096903203,1.005025355690224,Call,SPXW,SPXW221014C03965000,98.45,0.2381,0.0367053136294934,0.996889543697636,0.2358252235084909,98.45000000000005,4.263256414560601e-14,0.002274776491509,0.22629443260484042,-0.009530790903650471,0.009530790903650471
2022-10-14,31,0.0848733744010951,4000,1.0160766373730945,3945.174096903203,1.0138969540380571,Call,SPXW,SPXW221014C04000000,80.65,0.2319,0.0367053136294934,0.996889543697636,0.2297738385778432,80.65000000000464,4.632738637155853e-12,0.0021261614221567,0.222546223439009,-0.007227615138834187,0.007227615138834187
2022-10-14,31,0.0848733744010951,4030,1.0236972121533925,3945.174096903203,1.0215011811933423,Call,SPXW,SPXW221014C04030000,67.0,0.2268,0.0367053136294934,0.996889543697636,0.2248248673824908,66.99999999999977,2.273736754432321e-13,0.0019751326175091,0.22005703039010693,-0.004767836992383867,0.004767836992383867
2022-10-14,31,0.0848733744010951,4060,1.0313177869336907,3945.174096903203,1.029105408348628,Call,SPXW,SPXW221014C04060000,54.9,0.2221,0.0367053136294934,0.996889543697636,0.2201876357441329,54.89999999999986,1.3500311979441906e-13,0.001912364255867,0.21826760609315266,-0.0019200296509802317,0.0019200296509802317
2022-10-14,31,0.0848733744010951,4095,1.0402084575107051,3945.174096903203,1.0379770066964609,Call,SPXW,SPXW221014C04095000,42.75,0.2171,0.0367053136294934,0.996889543697636,0.2152283714884329,42.75000000000023,2.273736754432321e-13,0.001871628511567,0.21706201189600538,0.0018336404075724733,0.0018336404075724733
2022-10-14,31,0.0848733744010951,4125,1.047829032291003,3945.174096903203,1.0455812338517465,Call,SPXW,SPXW221014C04125000,34.05,0.2134,0.0367053136294934,0.996889543697636,0.2116011265484925,34.05000000000007,7.105427357601003e-14,0.0017988734515074,0.2167482296528839,0.005147103104391398,0.005147103104391398
2022-10-14,31,0.0848733744010951,4175,1.060529990258167,3945.174096903203,1.058254945777222,Call,SPXW,SPXW221014C04175000,22.700000000000003,0.2084,0.0367053136294934,0.996889543697636,0.2066739334939876,22.69999999999993,7.105427357601003e-14,0.0017260665060123,0.21753409848993044,0.010860164995942834,0.010860164995942834
2022-10-14,31,0.0848733744010951,4225,1.0732309482253308,3945.174096903203,1.0709286577026975,Call,SPXW,SPXW221014C04225000,14.8,0.2052,0.0367053136294934,0.996889543697636,0.2034806260659349,14.800000000037244,3.724309749486565e-11,0.001719373934065,0.21965881318389688,0.016178187117961984,0.016178187117961984
2022-10-14,31,0.0848733744010951,4275,1.0859319061924944,3945.174096903203,1.0836023696281734,Call,SPXW,SPXW221014C04275000,9.45,0.2032,0.0367053136294934,0.996889543697636,0.2014755577919635,9.4499999999976,2.398081733190338e-12,0.0017244422080364,0.2227829539626015,0.02130739617063801,0.02130739617063801
2022-10-14,31,0.0848733744010951,4350,1.10498334314324,3945.174096903203,1.1026129375163871,Call,SPXW,SPXW221014C04350000,4.8,0.203,0.0367053136294934,0.996889543697636,0.2012014703484227,4.800000000001461,1.461053500406706e-12,0.0017985296515772,0.22873453149448658,0.02753306114606388,0.02753306114606388
