Model,T_days,T,K_over_F0,Forward,Strike,r_GSW,Discount_factor,IV_model
Rough Heston,1.0,0.0027378507871321013,0.95,3936.9814263393455,3740.132355022378,0.036499208078335656,0.9999000756072077,0.4175791291422046
Rough Heston,1.0,0.0027378507871321013,0.9516666666666667,3936.9814263393455,3746.693990732944,0.036499208078335656,0.9999000756072077,0.41294380728947
Rough Heston,1.0,0.0027378507871321013,0.9533333333333333,3936.9814263393455,3753.255626443509,0.036499208078335656,0.9999000756072077,0.4082661796739474
Rough Heston,1.0,0.0027378507871321013,0.955,3936.9814263393455,3759.817262154075,0.036499208078335656,0.9999000756072077,0.4035452463825106
Rough Heston,1.0,0.0027378507871321013,0.9566666666666667,3936.9814263393455,3766.3788978646403,0.036499208078335656,0.9999000756072077,0.3987800473096449
Rough Heston,1.0,0.0027378507871321013,0.9583333333333333,3936.9814263393455,3772.940533575206,0.036499208078335656,0.9999000756072077,0.3939697661427142
Rough Heston,1.0,0.0027378507871321013,0.96,3936.9814263393455,3779.5021692857717,0.036499208078335656,0.9999000756072077,0.38911365716152363
Rough Heston,1.0,0.0027378507871321013,0.9616666666666667,3936.9814263393455,3786.0638049963372,0.036499208078335656,0.9999000756072077,0.3842109779466356
Rough Heston,1.0,0.0027378507871321013,0.9633333333333333,3936.9814263393455,3792.6254407069027,0.036499208078335656,0.9999000756072077,0.3792610763270613
Rough Heston,1.0,0.0027378507871321013,0.965,3936.9814263393455,3799.1870764174682,0.036499208078335656,0.9999000756072077,0.3742635147313114
Rough Heston,1.0,0.0027378507871321013,0.9666666666666667,3936.9814263393455,3805.748712128034,0.036499208078335656,0.9999000756072077,0.3692180869187022
Rough Heston,1.0,0.0027378507871321013,0.9683333333333333,3936.9814263393455,3812.3103478385992,0.036499208078335656,0.9999000756072077,0.3641247968068356
Rough Heston,1.0,0.0027378507871321013,0.97,3936.9814263393455,3818.871983549165,0.036499208078335656,0.9999000756072077,0.3589839396919473
Rough Heston,1.0,0.0027378507871321013,0.9716666666666667,3936.9814263393455,3825.4336192597307,0.036499208078335656,0.9999000756072077,0.3537962634314983
Rough Heston,1.0,0.0027378507871321013,0.9733333333333333,3936.9814263393455,3831.995254970296,0.036499208078335656,0.9999000756072077,0.34856309379658185
Rough Heston,1.0,0.0027378507871321013,0.975,3936.9814263393455,3838.5568906808617,0.036499208078335656,0.9999000756072077,0.34328642335578863
Rough Heston,1.0,0.0027378507871321013,0.9766666666666667,3936.9814263393455,3845.1185263914276,0.036499208078335656,0.9999000756072077,0.3379690744747054
Rough Heston,1.0,0.0027378507871321013,0.9783333333333333,3936.9814263393455,3851.6801621019927,0.036499208078335656,0.9999000756072077,0.3326149760705277
Rough Heston,1.0,0.0027378507871321013,0.98,3936.9814263393455,3858.2417978125586,0.036499208078335656,0.9999000756072077,0.3272294844197195
Rough Heston,1.0,0.0027378507871321013,0.9816666666666667,3936.9814263393455,3864.803433523124,0.036499208078335656,0.9999000756072077,0.3218197161078885
Rough Heston,1.0,0.0027378507871321013,0.9833333333333333,3936.9814263393455,3871.3650692336896,0.036499208078335656,0.9999000756072077,0.316394968376273
Rough Heston,1.0,0.0027378507871321013,0.985,3936.9814263393455,3877.926704944255,0.036499208078335656,0.9999000756072077,0.3109673018376561
Rough Heston,1.0,0.0027378507871321013,0.9866666666666667,3936.9814263393455,3884.488340654821,0.036499208078335656,0.9999000756072077,0.3055522625190031
Rough Heston,1.0,0.0027378507871321013,0.9883333333333333,3936.9814263393455,3891.049976365386,0.036499208078335656,0.9999000756072077,0.30016968942533595
Rough Heston,1.0,0.0027378507871321013,0.99,3936.9814263393455,3897.611612075952,0.036499208078335656,0.9999000756072077,0.2948446210454638
Rough Heston,1.0,0.0027378507871321013,0.9916666666666667,3936.9814263393455,3904.1732477865175,0.036499208078335656,0.9999000756072077,0.2896083267897766
Rough Heston,1.0,0.0027378507871321013,0.9933333333333333,3936.9814263393455,3910.734883497083,0.036499208078335656,0.9999000756072077,0.284499371200468
Rough Heston,1.0,0.0027378507871321013,0.995,3936.9814263393455,3917.2965192076485,0.036499208078335656,0.9999000756072077,0.27956446894807063
Rough Heston,1.0,0.0027378507871321013,0.9966666666666667,3936.9814263393455,3923.8581549182145,0.036499208078335656,0.9999000756072077,0.27485881175489507
Rough Heston,1.0,0.0027378507871321013,0.9983333333333333,3936.9814263393455,3930.4197906287795,0.036499208078335656,0.9999000756072077,0.2704454865155463
Rough Heston,1.0,0.0027378507871321013,1.0,3936.9814263393455,3936.9814263393455,0.036499208078335656,0.9999000756072077,0.26639349053781264
Rough Heston,1.0,0.0027378507871321013,1.0016666666666667,3936.9814263393455,3943.5430620499114,0.036499208078335656,0.9999000756072077,0.2627738384631623
Rough Heston,1.0,0.0027378507871321013,1.0033333333333334,3936.9814263393455,3950.104697760477,0.036499208078335656,0.9999000756072077,0.25965363292793486
Rough Heston,1.0,0.0027378507871321013,1.005,3936.9814263393455,3956.666333471042,0.036499208078335656,0.9999000756072077,0.2570887890806583
Rough Heston,1.0,0.0027378507871321013,1.0066666666666666,3936.9814263393455,3963.2279691816075,0.036499208078335656,0.9999000756072077,0.2551169832962954
Rough Heston,1.0,0.0027378507871321013,1.0083333333333333,3936.9814263393455,3969.7896048921734,0.036499208078335656,0.9999000756072077,0.25375276502549204
Rough Heston,1.0,0.0027378507871321013,1.01,3936.9814263393455,3976.351240602739,0.036499208078335656,0.9999000756072077,0.2529862968990893
Rough Heston,1.0,0.0027378507871321013,1.0116666666666667,3936.9814263393455,3982.912876313305,0.036499208078335656,0.9999000756072077,0.2527860220487266
Rough Heston,1.0,0.0027378507871321013,1.0133333333333334,3936.9814263393455,3989.4745120238704,0.036499208078335656,0.9999000756072077,0.2531042535025978
Rough Heston,1.0,0.0027378507871321013,1.0150000000000001,3936.9814263393455,3996.0361477344363,0.036499208078335656,0.9999000756072077,0.25388388960821306
Rough Heston,1.0,0.0027378507871321013,1.0166666666666666,3936.9814263393455,4002.597783445001,0.036499208078335656,0.9999000756072077,0.2550645429856914
Rough Heston,1.0,0.0027378507871321013,1.0183333333333333,3936.9814263393455,4009.159419155567,0.036499208078335656,0.9999000756072077,0.25658713480024364
Rough Heston,1.0,0.0027378507871321013,1.02,3936.9814263393455,4015.7210548661324,0.036499208078335656,0.9999000756072077,0.25839684149838327
Rough Heston,1.0,0.0027378507871321013,1.0216666666666667,3936.9814263393455,4022.2826905766983,0.036499208078335656,0.9999000756072077,0.260444691838936
Rough Heston,1.0,0.0027378507871321013,1.0233333333333334,3936.9814263393455,4028.844326287264,0.036499208078335656,0.9999000756072077,0.2626881209169771
Rough Heston,1.0,0.0027378507871321013,1.025,3936.9814263393455,4035.405961997829,0.036499208078335656,0.9999000756072077,0.2650907599235834
Rough Heston,1.0,0.0027378507871321013,1.0266666666666666,3936.9814263393455,4041.9675977083944,0.036499208078335656,0.9999000756072077,0.26762182847888044
Rough Heston,1.0,0.0027378507871321013,1.0283333333333333,3936.9814263393455,4048.5292334189603,0.036499208078335656,0.9999000756072077,0.2702554916261543
Rough Heston,1.0,0.0027378507871321013,1.03,3936.9814263393455,4055.090869129526,0.036499208078335656,0.9999000756072077,0.2729702893235581
Rough Heston,1.0,0.0027378507871321013,1.0316666666666667,3936.9814263393455,4061.6525048400918,0.036499208078335656,0.9999000756072077,0.2757485003694909
Rough Heston,1.0,0.0027378507871321013,1.0333333333333334,3936.9814263393455,4068.2141405506572,0.036499208078335656,0.9999000756072077,0.27857539915347646
Rough Heston,1.0,0.0027378507871321013,1.0350000000000001,3936.9814263393455,4074.775776261223,0.036499208078335656,0.9999000756072077,0.2814386443812526
Rough Heston,1.0,0.0027378507871321013,1.0366666666666666,3936.9814263393455,4081.337411971788,0.036499208078335656,0.9999000756072077,0.2843280016750301
Rough Heston,1.0,0.0027378507871321013,1.0383333333333333,3936.9814263393455,4087.8990476823537,0.036499208078335656,0.9999000756072077,0.2872351887100186
Rough Heston,1.0,0.0027378507871321013,1.04,3936.9814263393455,4094.4606833929192,0.036499208078335656,0.9999000756072077,0.29015346673136966
Rough Heston,1.0,0.0027378507871321013,1.0416666666666667,3936.9814263393455,4101.022319103485,0.036499208078335656,0.9999000756072077,0.29307705448935834
Rough Heston,1.0,0.0027378507871321013,1.0433333333333334,3936.9814263393455,4107.583954814051,0.036499208078335656,0.9999000756072077,0.2960009000256734
Rough Heston,1.0,0.0027378507871321013,1.045,3936.9814263393455,4114.145590524616,0.036499208078335656,0.9999000756072077,0.29892096393303214
Rough Heston,1.0,0.0027378507871321013,1.0466666666666666,3936.9814263393455,4120.707226235181,0.036499208078335656,0.9999000756072077,0.30183435091915783
Rough Heston,1.0,0.0027378507871321013,1.0483333333333333,3936.9814263393455,4127.268861945748,0.036499208078335656,0.9999000756072077,0.30473870994958785
Rough Heston,1.0,0.0027378507871321013,1.05,3936.9814263393455,4133.830497656313,0.036499208078335656,0.9999000756072077,0.3076314987841094
Rough Heston,3.0,0.008213552361396304,0.95,3937.522946229548,3740.64679891807,0.03651353816886379,0.9997001391096165,0.35857410212129415
Rough Heston,3.0,0.008213552361396304,0.9516666666666667,3937.522946229548,3747.209337161786,0.03651353816886379,0.9997001391096165,0.35517510514008827
Rough Heston,3.0,0.008213552361396304,0.9533333333333333,3937.522946229548,3753.771875405502,0.03651353816886379,0.9997001391096165,0.35175773337252336
Rough Heston,3.0,0.008213552361396304,0.955,3937.522946229548,3760.3344136492183,0.03651353816886379,0.9997001391096165,0.3483222306823535
Rough Heston,3.0,0.008213552361396304,0.9566666666666667,3937.522946229548,3766.8969518929343,0.03651353816886379,0.9997001391096165,0.34486892599522173
Rough Heston,3.0,0.008213552361396304,0.9583333333333333,3937.522946229548,3773.45949013665,0.03651353816886379,0.9997001391096165,0.34139827559466074
Rough Heston,3.0,0.008213552361396304,0.96,3937.522946229548,3780.022028380366,0.03651353816886379,0.9997001391096165,0.33791089737124314
Rough Heston,3.0,0.008213552361396304,0.9616666666666667,3937.522946229548,3786.584566624082,0.03651353816886379,0.9997001391096165,0.33440758883592875
Rough Heston,3.0,0.008213552361396304,0.9633333333333333,3937.522946229548,3793.1471048677977,0.03651353816886379,0.9997001391096165,0.33088933227511613
Rough Heston,3.0,0.008213552361396304,0.965,3937.522946229548,3799.7096431115137,0.03651353816886379,0.9997001391096165,0.3273573014732668
Rough Heston,3.0,0.008213552361396304,0.9666666666666667,3937.522946229548,3806.27218135523,0.03651353816886379,0.9997001391096165,0.32381288367754846
Rough Heston,3.0,0.008213552361396304,0.9683333333333333,3937.522946229548,3812.8347195989454,0.03651353816886379,0.9997001391096165,0.3202577243850361
Rough Heston,3.0,0.008213552361396304,0.97,3937.522946229548,3819.3972578426615,0.03651353816886379,0.9997001391096165,0.31669379114135066
Rough Heston,3.0,0.008213552361396304,0.9716666666666667,3937.522946229548,3825.9597960863775,0.03651353816886379,0.9997001391096165,0.31312344444099977
Rough Heston,3.0,0.008213552361396304,0.9733333333333333,3937.522946229548,3832.522334330093,0.03651353816886379,0.9997001391096165,0.3095495056402123
Rough Heston,3.0,0.008213552361396304,0.975,3937.522946229548,3839.084872573809,0.03651353816886379,0.9997001391096165,0.30597531708260584
Rough Heston,3.0,0.008213552361396304,0.9766666666666667,3937.522946229548,3845.6474108175253,0.03651353816886379,0.9997001391096165,0.3024048010506588
Rough Heston,3.0,0.008213552361396304,0.9783333333333333,3937.522946229548,3852.209949061241,0.03651353816886379,0.9997001391096165,0.29884252959227553
Rough Heston,3.0,0.008213552361396304,0.98,3937.522946229548,3858.772487304957,0.03651353816886379,0.9997001391096165,0.2952938155725194
Rough Heston,3.0,0.008213552361396304,0.9816666666666667,3937.522946229548,3865.335025548673,0.03651353816886379,0.9997001391096165,0.29176482888204364
Rough Heston,3.0,0.008213552361396304,0.9833333333333333,3937.522946229548,3871.8975637923886,0.03651353816886379,0.9997001391096165,0.288262729860907
Rough Heston,3.0,0.008213552361396304,0.985,3937.522946229548,3878.4601020361047,0.03651353816886379,0.9997001391096165,0.2847958065534105
Rough Heston,3.0,0.008213552361396304,0.9866666666666667,3937.522946229548,3885.0226402798207,0.03651353816886379,0.9997001391096165,0.28137360119345145
Rough Heston,3.0,0.008213552361396304,0.9883333333333333,3937.522946229548,3891.5851785235363,0.03651353816886379,0.9997001391096165,0.2780070159928535
Rough Heston,3.0,0.008213552361396304,0.99,3937.522946229548,3898.1477167672524,0.03651353816886379,0.9997001391096165,0.2747083936558215
Rough Heston,3.0,0.008213552361396304,0.9916666666666667,3937.522946229548,3904.7102550109685,0.03651353816886379,0.9997001391096165,0.2714915689350033
Rough Heston,3.0,0.008213552361396304,0.9933333333333333,3937.522946229548,3911.272793254684,0.03651353816886379,0.9997001391096165,0.26837188060117817
Rough Heston,3.0,0.008213552361396304,0.995,3937.522946229548,3917.8353314984,0.03651353816886379,0.9997001391096165,0.2653661213096344
Rough Heston,3.0,0.008213552361396304,0.9966666666666667,3937.522946229548,3924.397869742116,0.03651353816886379,0.9997001391096165,0.2624923893154955
Rough Heston,3.0,0.008213552361396304,0.9983333333333333,3937.522946229548,3930.960407985832,0.03651353816886379,0.9997001391096165,0.2597698026470649
Rough Heston,3.0,0.008213552361396304,1.0,3937.522946229548,3937.522946229548,0.03651353816886379,0.9997001391096165,0.257218042827595
Rough Heston,3.0,0.008213552361396304,1.0016666666666667,3937.522946229548,3944.085484473264,0.03651353816886379,0.9997001391096165,0.25485671902468454
Rough Heston,3.0,0.008213552361396304,1.0033333333333334,3937.522946229548,3950.64802271698,0.03651353816886379,0.9997001391096165,0.2527045760518122
Rough Heston,3.0,0.008213552361396304,1.005,3937.522946229548,3957.210560960695,0.03651353816886379,0.9997001391096165,0.2507786042176646
Rough Heston,3.0,0.008213552361396304,1.0066666666666666,3937.522946229548,3963.773099204411,0.03651353816886379,0.9997001391096165,0.2490931379042264
Rough Heston,3.0,0.008213552361396304,1.0083333333333333,3937.522946229548,3970.3356374481273,0.03651353816886379,0.9997001391096165,0.24765904334662267
Rough Heston,3.0,0.008213552361396304,1.01,3937.522946229548,3976.8981756918433,0.03651353816886379,0.9997001391096165,0.24648309341760688
Rough Heston,3.0,0.008213552361396304,1.0116666666666667,3937.522946229548,3983.4607139355594,0.03651353816886379,0.9997001391096165,0.24556760710024889
Rough Heston,3.0,0.008213552361396304,1.0133333333333334,3937.522946229548,3990.0232521792755,0.03651353816886379,0.9997001391096165,0.24491039817299262
Rough Heston,3.0,0.008213552361396304,1.0150000000000001,3937.522946229548,3996.5857904229915,0.03651353816886379,0.9997001391096165,0.24450503657190953
Rough Heston,3.0,0.008213552361396304,1.0166666666666666,3937.522946229548,4003.1483286667067,0.03651353816886379,0.9997001391096165,0.24434138403581704
Rough Heston,3.0,0.008213552361396304,1.0183333333333333,3937.522946229548,4009.7108669104227,0.03651353816886379,0.9997001391096165,0.24440632926007647
Rough Heston,3.0,0.008213552361396304,1.02,3937.522946229548,4016.273405154139,0.03651353816886379,0.9997001391096165,0.24468462546071246
Rough Heston,3.0,0.008213552361396304,1.0216666666666667,3937.522946229548,4022.835943397855,0.03651353816886379,0.9997001391096165,0.24515972816696155
Rough Heston,3.0,0.008213552361396304,1.0233333333333334,3937.522946229548,4029.398481641571,0.03651353816886379,0.9997001391096165,0.245814546164158
Rough Heston,3.0,0.008213552361396304,1.025,3937.522946229548,4035.961019885286,0.03651353816886379,0.9997001391096165,0.2466320487823434
Rough Heston,3.0,0.008213552361396304,1.0266666666666666,3937.522946229548,4042.523558129002,0.03651353816886379,0.9997001391096165,0.24759571121316457
Rough Heston,3.0,0.008213552361396304,1.0283333333333333,3937.522946229548,4049.086096372718,0.03651353816886379,0.9997001391096165,0.24868981151038916
Rough Heston,3.0,0.008213552361396304,1.03,3937.522946229548,4055.6486346164343,0.03651353816886379,0.9997001391096165,0.24989961573851183
Rough Heston,3.0,0.008213552361396304,1.0316666666666667,3937.522946229548,4062.2111728601503,0.03651353816886379,0.9997001391096165,0.2512114886784109
Rough Heston,3.0,0.008213552361396304,1.0333333333333334,3937.522946229548,4068.7737111038664,0.03651353816886379,0.9997001391096165,0.25261295779126774
Rough Heston,3.0,0.008213552361396304,1.0350000000000001,3937.522946229548,4075.3362493475825,0.03651353816886379,0.9997001391096165,0.25409274029078666
Rough Heston,3.0,0.008213552361396304,1.0366666666666666,3937.522946229548,4081.8987875912976,0.03651353816886379,0.9997001391096165,0.25564072886594724
Rough Heston,3.0,0.008213552361396304,1.0383333333333333,3937.522946229548,4088.4613258350137,0.03651353816886379,0.9997001391096165,0.2572479315726686
Rough Heston,3.0,0.008213552361396304,1.04,3937.522946229548,4095.0238640787297,0.03651353816886379,0.9997001391096165,0.25890636820315865
Rough Heston,3.0,0.008213552361396304,1.0416666666666667,3937.522946229548,4101.586402322446,0.03651353816886379,0.9997001391096165,0.26060894125866396
Rough Heston,3.0,0.008213552361396304,1.0433333333333334,3937.522946229548,4108.148940566162,0.03651353816886379,0.9997001391096165,0.26234930989854593
Rough Heston,3.0,0.008213552361396304,1.045,3937.522946229548,4114.711478809877,0.03651353816886379,0.9997001391096165,0.26412179403192093
Rough Heston,3.0,0.008213552361396304,1.0466666666666666,3937.522946229548,4121.2740170535935,0.03651353816886379,0.9997001391096165,0.26592132140058067
Rough Heston,3.0,0.008213552361396304,1.0483333333333333,3937.522946229548,4127.836555297309,0.03651353816886379,0.9997001391096165,0.26774340887973813
Rough Heston,3.0,0.008213552361396304,1.05,3937.522946229548,4134.399093541026,0.03651353816886379,0.9997001391096165,0.2695841511747742
Rough Heston,7.0,0.019164955509924708,0.95,3938.608044430406,3741.6776422088856,0.036541941945302046,0.9992999204784726,0.3191045883986394
Rough Heston,7.0,0.019164955509924708,0.9516666666666667,3938.608044430406,3748.241988949603,0.036541941945302046,0.9992999204784726,0.3165605378634578
Rough Heston,7.0,0.019164955509924708,0.9533333333333333,3938.608044430406,3754.8063356903203,0.036541941945302046,0.9992999204784726,0.3140119926157991
Rough Heston,7.0,0.019164955509924708,0.955,3938.608044430406,3761.3706824310375,0.036541941945302046,0.9992999204784726,0.31145961270231726
Rough Heston,7.0,0.019164955509924708,0.9566666666666667,3938.608044430406,3767.935029171755,0.036541941945302046,0.9992999204784726,0.3089041590677162
Rough Heston,7.0,0.019164955509924708,0.9583333333333333,3938.608044430406,3774.4993759124723,0.036541941945302046,0.9992999204784726,0.30634649969396094
Rough Heston,7.0,0.019164955509924708,0.96,3938.608044430406,3781.06372265319,0.036541941945302046,0.9992999204784726,0.30378761342230537
Rough Heston,7.0,0.019164955509924708,0.9616666666666667,3938.608044430406,3787.6280693939075,0.036541941945302046,0.9992999204784726,0.3012285933195198
Rough Heston,7.0,0.019164955509924708,0.9633333333333333,3938.608044430406,3794.192416134624,0.036541941945302046,0.9992999204784726,0.29867065218721967
Rough Heston,7.0,0.019164955509924708,0.965,3938.608044430406,3800.756762875342,0.036541941945302046,0.9992999204784726,0.29611513144244866
Rough Heston,7.0,0.019164955509924708,0.9666666666666667,3938.608044430406,3807.3211096160594,0.036541941945302046,0.9992999204784726,0.29356351571668965
Rough Heston,7.0,0.019164955509924708,0.9683333333333333,3938.608044430406,3813.8854563567766,0.036541941945302046,0.9992999204784726,0.29101745216999403
Rough Heston,7.0,0.019164955509924708,0.97,3938.608044430406,3820.4498030974937,0.036541941945302046,0.9992999204784726,0.2884787742429416
Rough Heston,7.0,0.019164955509924708,0.9716666666666667,3938.608044430406,3827.0141498382113,0.036541941945302046,0.9992999204784726,0.28594952780085175
Rough Heston,7.0,0.019164955509924708,0.9733333333333333,3938.608044430406,3833.5784965789285,0.036541941945302046,0.9992999204784726,0.28343199780860395
Rough Heston,7.0,0.019164955509924708,0.975,3938.608044430406,3840.142843319646,0.036541941945302046,0.9992999204784726,0.280928732943723
Rough Heston,7.0,0.019164955509924708,0.9766666666666667,3938.608044430406,3846.7071900603632,0.036541941945302046,0.9992999204784726,0.2784425678767598
Rough Heston,7.0,0.019164955509924708,0.9783333333333333,3938.608044430406,3853.2715368010804,0.036541941945302046,0.9992999204784726,0.2759766415511604
Rough Heston,7.0,0.019164955509924708,0.98,3938.608044430406,3859.835883541798,0.036541941945302046,0.9992999204784726,0.2735344129580706
Rough Heston,7.0,0.019164955509924708,0.9816666666666667,3938.608044430406,3866.4002302825156,0.036541941945302046,0.9992999204784726,0.271119674293615
Rough Heston,7.0,0.019164955509924708,0.9833333333333333,3938.608044430406,3872.9645770232323,0.036541941945302046,0.9992999204784726,0.2687365633851077
Rough Heston,7.0,0.019164955509924708,0.985,3938.608044430406,3879.52892376395,0.036541941945302046,0.9992999204784726,0.26638957539758723
Rough Heston,7.0,0.019164955509924708,0.9866666666666667,3938.608044430406,3886.0932705046675,0.036541941945302046,0.9992999204784726,0.2640835735528851
Rough Heston,7.0,0.019164955509924708,0.9883333333333333,3938.608044430406,3892.6576172453847,0.036541941945302046,0.9992999204784726,0.2618237968906119
Rough Heston,7.0,0.019164955509924708,0.99,3938.608044430406,3899.221963986102,0.036541941945302046,0.9992999204784726,0.2596158621316276
Rough Heston,7.0,0.019164955509924708,0.9916666666666667,3938.608044430406,3905.7863107268195,0.036541941945302046,0.9992999204784726,0.25746575528986443
Rough Heston,7.0,0.019164955509924708,0.9933333333333333,3938.608044430406,3912.3506574675366,0.036541941945302046,0.9992999204784726,0.25537980796569665
Rough Heston,7.0,0.019164955509924708,0.995,3938.608044430406,3918.9150042082542,0.036541941945302046,0.9992999204784726,0.2533646543990236
Rough Heston,7.0,0.019164955509924708,0.9966666666666667,3938.608044430406,3925.4793509489714,0.036541941945302046,0.9992999204784726,0.25142716496491724
Rough Heston,7.0,0.019164955509924708,0.9983333333333333,3938.608044430406,3932.0436976896885,0.036541941945302046,0.9992999204784726,0.2495743546826873
Rough Heston,7.0,0.019164955509924708,1.0,3938.608044430406,3938.608044430406,0.036541941945302046,0.9992999204784726,0.2478132669042754
Rough Heston,7.0,0.019164955509924708,1.0016666666666667,3938.608044430406,3945.1723911711238,0.036541941945302046,0.9992999204784726,0.24615083497948584
Rough Heston,7.0,0.019164955509924708,1.0033333333333334,3938.608044430406,3951.736737911841,0.036541941945302046,0.9992999204784726,0.24459372700186224
Rough Heston,7.0,0.019164955509924708,1.005,3938.608044430406,3958.3010846525576,0.036541941945302046,0.9992999204784726,0.24314818072933186
Rough Heston,7.0,0.019164955509924708,1.0066666666666666,3938.608044430406,3964.8654313932752,0.036541941945302046,0.9992999204784726,0.2418198371190091
Rough Heston,7.0,0.019164955509924708,1.0083333333333333,3938.608044430406,3971.429778133993,0.036541941945302046,0.9992999204784726,0.2406135815923062
Rough Heston,7.0,0.019164955509924708,1.01,3938.608044430406,3977.9941248747105,0.036541941945302046,0.9992999204784726,0.23953340200725423
Rough Heston,7.0,0.019164955509924708,1.0116666666666667,3938.608044430406,3984.5584716154276,0.036541941945302046,0.9992999204784726,0.238582271632688
Rough Heston,7.0,0.019164955509924708,1.0133333333333334,3938.608044430406,3991.122818356145,0.036541941945302046,0.9992999204784726,0.2377620637937896
Rough Heston,7.0,0.019164955509924708,1.0150000000000001,3938.608044430406,3997.687165096863,0.036541941945302046,0.9992999204784726,0.23707350331628238
Rough Heston,7.0,0.019164955509924708,1.0166666666666666,3938.608044430406,4004.2515118375795,0.036541941945302046,0.9992999204784726,0.23651615737731713
Rough Heston,7.0,0.019164955509924708,1.0183333333333333,3938.608044430406,4010.8158585782967,0.036541941945302046,0.9992999204784726,0.23608846631957825
Rough Heston,7.0,0.019164955509924708,1.02,3938.608044430406,4017.3802053190143,0.036541941945302046,0.9992999204784726,0.2357878122766127
Rough Heston,7.0,0.019164955509924708,1.0216666666666667,3938.608044430406,4023.944552059732,0.036541941945302046,0.9992999204784726,0.23561062122662563
Rough Heston,7.0,0.019164955509924708,1.0233333333333334,3938.608044430406,4030.5088988004495,0.036541941945302046,0.9992999204784726,0.2355524923099813
Rough Heston,7.0,0.019164955509924708,1.025,3938.608044430406,4037.0732455411658,0.036541941945302046,0.9992999204784726,0.23560834589112428
Rough Heston,7.0,0.019164955509924708,1.0266666666666666,3938.608044430406,4043.6375922818834,0.036541941945302046,0.9992999204784726,0.23577258165152212
Rough Heston,7.0,0.019164955509924708,1.0283333333333333,3938.608044430406,4050.201939022601,0.036541941945302046,0.9992999204784726,0.23603923731159954
Rough Heston,7.0,0.019164955509924708,1.03,3938.608044430406,4056.7662857633186,0.036541941945302046,0.9992999204784726,0.2364021389410709
Rough Heston,7.0,0.019164955509924708,1.0316666666666667,3938.608044430406,4063.3306325040357,0.036541941945302046,0.9992999204784726,0.23685503603562952
Rough Heston,7.0,0.019164955509924708,1.0333333333333334,3938.608044430406,4069.8949792447534,0.036541941945302046,0.9992999204784726,0.23739171525338504
Rough Heston,7.0,0.019164955509924708,1.0350000000000001,3938.608044430406,4076.459325985471,0.036541941945302046,0.9992999204784726,0.23800609073772044
Rough Heston,7.0,0.019164955509924708,1.0366666666666666,3938.608044430406,4083.0236727261877,0.036541941945302046,0.9992999204784726,0.2386922703392389
Rough Heston,7.0,0.019164955509924708,1.0383333333333333,3938.608044430406,4089.588019466905,0.036541941945302046,0.9992999204784726,0.2394446000933135
Rough Heston,7.0,0.019164955509924708,1.04,3938.608044430406,4096.152366207622,0.036541941945302046,0.9992999204784726,0.24025769062825447
Rough Heston,7.0,0.019164955509924708,1.0416666666666667,3938.608044430406,4102.71671294834,0.036541941945302046,0.9992999204784726,0.24112643072975876
Rough Heston,7.0,0.019164955509924708,1.0433333333333334,3938.608044430406,4109.281059689058,0.036541941945302046,0.9992999204784726,0.24204599281621747
Rough Heston,7.0,0.019164955509924708,1.045,3938.608044430406,4115.845406429774,0.036541941945302046,0.9992999204784726,0.24301183457586423
Rough Heston,7.0,0.019164955509924708,1.0466666666666666,3938.608044430406,4122.409753170492,0.036541941945302046,0.9992999204784726,0.2440196998320102
Rough Heston,7.0,0.019164955509924708,1.0483333333333333,3938.608044430406,4128.974099911209,0.036541941945302046,0.9992999204784726,0.2450656197311119
Rough Heston,7.0,0.019164955509924708,1.05,3938.608044430406,4135.538446651926,0.036541941945302046,0.9992999204784726,0.24614591396122856
Rough Heston,15.0,0.04106776180698152,0.95,3940.786328360648,3743.7470119426152,0.0365977324873474,0.9984981419587812,0.2873027165499734
Rough Heston,15.0,0.04106776180698152,0.9516666666666667,3940.786328360648,3750.31498915655,0.0365977324873474,0.9984981419587812,0.28543992117788064
Rough Heston,15.0,0.04106776180698152,0.9533333333333333,3940.786328360648,3756.882966370484,0.0365977324873474,0.9984981419587812,0.28358023832167417
Rough Heston,15.0,0.04106776180698152,0.955,3940.786328360648,3763.450943584419,0.0365977324873474,0.9984981419587812,0.2817242867228149
Rough Heston,15.0,0.04106776180698152,0.9566666666666667,3940.786328360648,3770.018920798353,0.0365977324873474,0.9984981419587812,0.27987273801896867
Rough Heston,15.0,0.04106776180698152,0.9583333333333333,3940.786328360648,3776.5868980122873,0.0365977324873474,0.9984981419587812,0.2780263227027168
Rough Heston,15.0,0.04106776180698152,0.96,3940.786328360648,3783.154875226222,0.0365977324873474,0.9984981419587812,0.2761858356671344
Rough Heston,15.0,0.04106776180698152,0.9616666666666667,3940.786328360648,3789.7228524401567,0.0365977324873474,0.9984981419587812,0.27435214130716573
Rough Heston,15.0,0.04106776180698152,0.9633333333333333,3940.786328360648,3796.2908296540904,0.0365977324873474,0.9984981419587812,0.2725261775455247
Rough Heston,15.0,0.04106776180698152,0.965,3940.786328360648,3802.858806868025,0.0365977324873474,0.9984981419587812,0.2707089595325887
Rough Heston,15.0,0.04106776180698152,0.9666666666666667,3940.786328360648,3809.42678408196,0.0365977324873474,0.9984981419587812,0.2689015822996255
Rough Heston,15.0,0.04106776180698152,0.9683333333333333,3940.786328360648,3815.994761295894,0.0365977324873474,0.9984981419587812,0.26710522316978114
Rough Heston,15.0,0.04106776180698152,0.97,3940.786328360648,3822.5627385098283,0.0365977324873474,0.9984981419587812,0.26532114337512597
Rough Heston,15.0,0.04106776180698152,0.9716666666666667,3940.786328360648,3829.130715723763,0.0365977324873474,0.9984981419587812,0.26355069022738303
Rough Heston,15.0,0.04106776180698152,0.9733333333333333,3940.786328360648,3835.698692937697,0.0365977324873474,0.9984981419587812,0.2617952989438093
Rough Heston,15.0,0.04106776180698152,0.975,3940.786328360648,3842.266670151632,0.0365977324873474,0.9984981419587812,0.26005649498940137
Rough Heston,15.0,0.04106776180698152,0.9766666666666667,3940.786328360648,3848.834647365566,0.0365977324873474,0.9984981419587812,0.2583358967434011
Rough Heston,15.0,0.04106776180698152,0.9783333333333333,3940.786328360648,3855.4026245795003,0.0365977324873474,0.9984981419587812,0.2566352184571285
Rough Heston,15.0,0.04106776180698152,0.98,3940.786328360648,3861.970601793435,0.0365977324873474,0.9984981419587812,0.25495627336668464
Rough Heston,15.0,0.04106776180698152,0.9816666666666667,3940.786328360648,3868.5385790073697,0.0365977324873474,0.9984981419587812,0.2533009764103644
Rough Heston,15.0,0.04106776180698152,0.9833333333333333,3940.786328360648,3875.1065562213034,0.0365977324873474,0.9984981419587812,0.251671346424761
Rough Heston,15.0,0.04106776180698152,0.985,3940.786328360648,3881.674533435238,0.0365977324873474,0.9984981419587812,0.2500695069387345
Rough Heston,15.0,0.04106776180698152,0.9866666666666667,3940.786328360648,3888.242510649173,0.0365977324873474,0.9984981419587812,0.24849768515666837
Rough Heston,15.0,0.04106776180698152,0.9883333333333333,3940.786328360648,3894.810487863107,0.0365977324873474,0.9984981419587812,0.24695820840423402
Rough Heston,15.0,0.04106776180698152,0.99,3940.786328360648,3901.3784650770413,0.0365977324873474,0.9984981419587812,0.24545349768824828
Rough Heston,15.0,0.04106776180698152,0.9916666666666667,3940.786328360648,3907.946442290976,0.0365977324873474,0.9984981419587812,0.24398605758802924
Rough Heston,15.0,0.04106776180698152,0.9933333333333333,3940.786328360648,3914.51441950491,0.0365977324873474,0.9984981419587812,0.2425584624831602
Rough Heston,15.0,0.04106776180698152,0.995,3940.786328360648,3921.082396718845,0.0365977324873474,0.9984981419587812,0.24117333879561323
Rough Heston,15.0,0.04106776180698152,0.9966666666666667,3940.786328360648,3927.650373932779,0.0365977324873474,0.9984981419587812,0.23983334335448067
Rough Heston,15.0,0.04106776180698152,0.9983333333333333,3940.786328360648,3934.2183511467133,0.0365977324873474,0.9984981419587812,0.23854113813499087
Rough Heston,15.0,0.04106776180698152,1.0,3940.786328360648,3940.786328360648,0.0365977324873474,0.9984981419587812,0.23729936180409225
Rough Heston,15.0,0.04106776180698152,1.0016666666666667,3940.786328360648,3947.3543055745827,0.0365977324873474,0.9984981419587812,0.23611059875286647
Rough Heston,15.0,0.04106776180698152,1.0033333333333334,3940.786328360648,3953.922282788517,0.0365977324873474,0.9984981419587812,0.2349773462152151
Rough Heston,15.0,0.04106776180698152,1.005,3940.786328360648,3960.4902600024507,0.0365977324873474,0.9984981419587812,0.23390198061869225
Rough Heston,15.0,0.04106776180698152,1.0066666666666666,3940.786328360648,3967.0582372163854,0.0365977324873474,0.9984981419587812,0.23288672381501793
Rough Heston,15.0,0.04106776180698152,1.0083333333333333,3940.786328360648,3973.62621443032,0.0365977324873474,0.9984981419587812,0.23193361034069734
Rough Heston,15.0,0.04106776180698152,1.01,3940.786328360648,3980.1941916442547,0.0365977324873474,0.9984981419587812,0.23104445657038838
Rough Heston,15.0,0.04106776180698152,1.0116666666666667,3940.786328360648,3986.762168858189,0.0365977324873474,0.9984981419587812,0.23022083267771404
Rough Heston,15.0,0.04106776180698152,1.0133333333333334,3940.786328360648,3993.3301460721236,0.0365977324873474,0.9984981419587812,0.2294640381664639
Rough Heston,15.0,0.04106776180698152,1.0150000000000001,3940.786328360648,3999.8981232860583,0.0365977324873474,0.9984981419587812,0.22877508188614906
Rough Heston,15.0,0.04106776180698152,1.0166666666666666,3940.786328360648,4006.466100499992,0.0365977324873474,0.9984981419587812,0.22815466650964009
Rough Heston,15.0,0.04106776180698152,1.0183333333333333,3940.786328360648,4013.0340777139263,0.0365977324873474,0.9984981419587812,0.22760317883197526
Rough Heston,15.0,0.04106776180698152,1.02,3940.786328360648,4019.602054927861,0.0365977324873474,0.9984981419587812,0.2271206852441342
Rough Heston,15.0,0.04106776180698152,1.0216666666666667,3940.786328360648,4026.1700321417957,0.0365977324873474,0.9984981419587812,0.22670693314291962
Rough Heston,15.0,0.04106776180698152,1.0233333333333334,3940.786328360648,4032.7380093557304,0.0365977324873474,0.9984981419587812,0.22636135766817994
Rough Heston,15.0,0.04106776180698152,1.025,3940.786328360648,4039.3059865696637,0.0365977324873474,0.9984981419587812,0.22608309424158754
Rough Heston,15.0,0.04106776180698152,1.0266666666666666,3940.786328360648,4045.8739637835984,0.0365977324873474,0.9984981419587812,0.2258709958569909
Rough Heston,15.0,0.04106776180698152,1.0283333333333333,3940.786328360648,4052.441940997533,0.0365977324873474,0.9984981419587812,0.22572365502075462
Rough Heston,15.0,0.04106776180698152,1.03,3940.786328360648,4059.0099182114677,0.0365977324873474,0.9984981419587812,0.22563942946564916
Rough Heston,15.0,0.04106776180698152,1.0316666666666667,3940.786328360648,4065.577895425402,0.0365977324873474,0.9984981419587812,0.2256164711113108
Rough Heston,15.0,0.04106776180698152,1.0333333333333334,3940.786328360648,4072.1458726393366,0.0365977324873474,0.9984981419587812,0.22565275699026405
Rough Heston,15.0,0.04106776180698152,1.0350000000000001,3940.786328360648,4078.7138498532713,0.0365977324873474,0.9984981419587812,0.22574612166378477
Rough Heston,15.0,0.04106776180698152,1.0366666666666666,3940.786328360648,4085.281827067205,0.0365977324873474,0.9984981419587812,0.2258942897331759
Rough Heston,15.0,0.04106776180698152,1.0383333333333333,3940.786328360648,4091.8498042811393,0.0365977324873474,0.9984981419587812,0.22609490789841682
Rough Heston,15.0,0.04106776180698152,1.04,3940.786328360648,4098.417781495074,0.0365977324873474,0.9984981419587812,0.226345575353592
Rough Heston,15.0,0.04106776180698152,1.0416666666666667,3940.786328360648,4104.985758709008,0.0365977324873474,0.9984981419587812,0.22664387185267462
Rough Heston,15.0,0.04106776180698152,1.0433333333333334,3940.786328360648,4111.553735922943,0.0365977324873474,0.9984981419587812,0.22698738295352172
Rough Heston,15.0,0.04106776180698152,1.045,3940.786328360648,4118.121713136877,0.0365977324873474,0.9984981419587812,0.22737372162709762
Rough Heston,15.0,0.04106776180698152,1.0466666666666666,3940.786328360648,4124.689690350811,0.0365977324873474,0.9984981419587812,0.22780054624437027
Rough Heston,15.0,0.04106776180698152,1.0483333333333333,3940.786328360648,4131.257667564746,0.0365977324873474,0.9984981419587812,0.2282655747658436
Rough Heston,15.0,0.04106776180698152,1.05,3940.786328360648,4137.825644778681,0.0365977324873474,0.9984981419587812,0.22876659518034378
Rough Heston,31.0,0.08487337440109514,0.95,3945.174096903203,3747.9153920580425,0.03670531362949347,0.996889543697636,0.25982927816452184
Rough Heston,31.0,0.08487337440109514,0.9516666666666667,3945.174096903203,3754.490682219548,0.03670531362949347,0.996889543697636,0.2585154290880842
Rough Heston,31.0,0.08487337440109514,0.9533333333333333,3945.174096903203,3761.065972381053,0.03670531362949347,0.996889543697636,0.257207460704155
Rough Heston,31.0,0.08487337440109514,0.955,3945.174096903203,3767.6412625425587,0.03670531362949347,0.996889543697636,0.2559058185392524
Rough Heston,31.0,0.08487337440109514,0.9566666666666667,3945.174096903203,3774.2165527040643,0.03670531362949347,0.996889543697636,0.25461097047621867
Rough Heston,31.0,0.08487337440109514,0.9583333333333333,3945.174096903203,3780.7918428655694,0.03670531362949347,0.996889543697636,0.25332340722325475
Rough Heston,31.0,0.08487337440109514,0.96,3945.174096903203,3787.367133027075,0.03670531362949347,0.996889543697636,0.2520436424279037
Rough Heston,31.0,0.08487337440109514,0.9616666666666667,3945.174096903203,3793.94242318858,0.03670531362949347,0.996889543697636,0.2507722130433134
Rough Heston,31.0,0.08487337440109514,0.9633333333333333,3945.174096903203,3800.517713350085,0.03670531362949347,0.996889543697636,0.24950967972881613
Rough Heston,31.0,0.08487337440109514,0.965,3945.174096903203,3807.0930035115907,0.03670531362949347,0.996889543697636,0.24825662734209306
Rough Heston,31.0,0.08487337440109514,0.9666666666666667,3945.174096903203,3813.6682936730963,0.03670531362949347,0.996889543697636,0.24701366551711518
Rough Heston,31.0,0.08487337440109514,0.9683333333333333,3945.174096903203,3820.2435838346014,0.03670531362949347,0.996889543697636,0.24578142934181355
Rough Heston,31.0,0.08487337440109514,0.97,3945.174096903203,3826.818873996107,0.03670531362949347,0.996889543697636,0.24456057988848476
Rough Heston,31.0,0.08487337440109514,0.9716666666666667,3945.174096903203,3833.3941641576125,0.03670531362949347,0.996889543697636,0.2433518052319268
Rough Heston,31.0,0.08487337440109514,0.9733333333333333,3945.174096903203,3839.969454319117,0.03670531362949347,0.996889543697636,0.24215582072806663
Rough Heston,31.0,0.08487337440109514,0.975,3945.174096903203,3846.5447444806227,0.03670531362949347,0.996889543697636,0.24097336973546146
Rough Heston,31.0,0.08487337440109514,0.9766666666666667,3945.174096903203,3853.1200346421283,0.03670531362949347,0.996889543697636,0.23980522390483147
Rough Heston,31.0,0.08487337440109514,0.9783333333333333,3945.174096903203,3859.6953248036334,0.03670531362949347,0.996889543697636,0.23865218327024518
Rough Heston,31.0,0.08487337440109514,0.98,3945.174096903203,3866.270614965139,0.03670531362949347,0.996889543697636,0.23751507603903446
Rough Heston,31.0,0.08487337440109514,0.9816666666666667,3945.174096903203,3872.8459051266445,0.03670531362949347,0.996889543697636,0.23639475785232691
Rough Heston,31.0,0.08487337440109514,0.9833333333333333,3945.174096903203,3879.4211952881496,0.03670531362949347,0.996889543697636,0.2352921109217861
Rough Heston,31.0,0.08487337440109514,0.985,3945.174096903203,3885.9964854496548,0.03670531362949347,0.996889543697636,0.23420804224194133
Rough Heston,31.0,0.08487337440109514,0.9866666666666667,3945.174096903203,3892.5717756111603,0.03670531362949347,0.996889543697636,0.23314348153544523
Rough Heston,31.0,0.08487337440109514,0.9883333333333333,3945.174096903203,3899.1470657726654,0.03670531362949347,0.996889543697636,0.2320993785254258
Rough Heston,31.0,0.08487337440109514,0.99,3945.174096903203,3905.722355934171,0.03670531362949347,0.996889543697636,0.23107669962149927
Rough Heston,31.0,0.08487337440109514,0.9916666666666667,3945.174096903203,3912.2976460956766,0.03670531362949347,0.996889543697636,0.23007642401567602
Rough Heston,31.0,0.08487337440109514,0.9933333333333333,3945.174096903203,3918.8729362571817,0.03670531362949347,0.996889543697636,0.22909953920147758
Rough Heston,31.0,0.08487337440109514,0.995,3945.174096903203,3925.4482264186868,0.03670531362949347,0.996889543697636,0.22814703597940988
Rough Heston,31.0,0.08487337440109514,0.9966666666666667,3945.174096903203,3932.0235165801923,0.03670531362949347,0.996889543697636,0.22721990291238392
Rough Heston,31.0,0.08487337440109514,0.9983333333333333,3945.174096903203,3938.5988067416974,0.03670531362949347,0.996889543697636,0.22631912043865143
Rough Heston,31.0,0.08487337440109514,1.0,3945.174096903203,3945.174096903203,0.03670531362949347,0.996889543697636,0.2254456545744731
Rough Heston,31.0,0.08487337440109514,1.0016666666666667,3945.174096903203,3951.7493870647086,0.03670531362949347,0.996889543697636,0.22460045037862555
Rough Heston,31.0,0.08487337440109514,1.0033333333333334,3945.174096903203,3958.324677226214,0.03670531362949347,0.996889543697636,0.2237844252435849
Rough Heston,31.0,0.08487337440109514,1.005,3945.174096903203,3964.899967387719,0.03670531362949347,0.996889543697636,0.2229984621163109
Rough Heston,31.0,0.08487337440109514,1.0066666666666666,3945.174096903203,3971.475257549224,0.03670531362949347,0.996889543697636,0.2222434027440728
Rough Heston,31.0,0.08487337440109514,1.0083333333333333,3945.174096903203,3978.0505477107295,0.03670531362949347,0.996889543697636,0.22152004108960022
Rough Heston,31.0,0.08487337440109514,1.01,3945.174096903203,3984.625837872235,0.03670531362949347,0.996889543697636,0.2208291168882439
Rough Heston,31.0,0.08487337440109514,1.0116666666666667,3945.174096903203,3991.2011280337406,0.03670531362949347,0.996889543697636,0.22017130965561638
Rough Heston,31.0,0.08487337440109514,1.0133333333333334,3945.174096903203,3997.776418195246,0.03670531362949347,0.996889543697636,0.21954723302373505
Rough Heston,31.0,0.08487337440109514,1.0150000000000001,3945.174096903203,4004.3517083567517,0.03670531362949347,0.996889543697636,0.2189574296166024
Rough Heston,31.0,0.08487337440109514,1.0166666666666666,3945.174096903203,4010.9269985182564,0.03670531362949347,0.996889543697636,0.2184023664984657
Rough Heston,31.0,0.08487337440109514,1.0183333333333333,3945.174096903203,4017.5022886797615,0.03670531362949347,0.996889543697636,0.2178824312719003
Rough Heston,31.0,0.08487337440109514,1.02,3945.174096903203,4024.077578841267,0.03670531362949347,0.996889543697636,0.21739792880987507
Rough Heston,31.0,0.08487337440109514,1.0216666666666667,3945.174096903203,4030.6528690027726,0.03670531362949347,0.996889543697636,0.21694907891990897
Rough Heston,31.0,0.08487337440109514,1.0233333333333334,3945.174096903203,4037.228159164278,0.03670531362949347,0.996889543697636,0.21653601451662594
Rough Heston,31.0,0.08487337440109514,1.025,3945.174096903203,4043.803449325783,0.03670531362949347,0.996889543697636,0.21615878080557877
Rough Heston,31.0,0.08487337440109514,1.0266666666666666,3945.174096903203,4050.3787394872884,0.03670531362949347,0.996889543697636,0.21581733519079585
Rough Heston,31.0,0.08487337440109514,1.0283333333333333,3945.174096903203,4056.9540296487935,0.03670531362949347,0.996889543697636,0.2155115479989246
Rough Heston,31.0,0.08487337440109514,1.03,3945.174096903203,4063.529319810299,0.03670531362949347,0.996889543697636,0.21524120410136066
Rough Heston,31.0,0.08487337440109514,1.0316666666666667,3945.174096903203,4070.1046099718046,0.03670531362949347,0.996889543697636,0.21500600503043818
Rough Heston,31.0,0.08487337440109514,1.0333333333333334,3945.174096903203,4076.67990013331,0.03670531362949347,0.996889543697636,0.21480557224275643
Rough Heston,31.0,0.08487337440109514,1.0350000000000001,3945.174096903203,4083.2551902948157,0.03670531362949347,0.996889543697636,0.21463945076311486
Rough Heston,31.0,0.08487337440109514,1.0366666666666666,3945.174096903203,4089.8304804563204,0.03670531362949347,0.996889543697636,0.21450711359987715
Rough Heston,31.0,0.08487337440109514,1.0383333333333333,3945.174096903203,4096.4057706178255,0.03670531362949347,0.996889543697636,0.21440796671437629
Rough Heston,31.0,0.08487337440109514,1.04,3945.174096903203,4102.9810607793315,0.03670531362949347,0.996889543697636,0.21434135450152428
Rough Heston,31.0,0.08487337440109514,1.0416666666666667,3945.174096903203,4109.556350940837,0.03670531362949347,0.996889543697636,0.2143065655946093
Rough Heston,31.0,0.08487337440109514,1.0433333333333334,3945.174096903203,4116.131641102343,0.03670531362949347,0.996889543697636,0.21430283924873544
Rough Heston,31.0,0.08487337440109514,1.045,3945.174096903203,4122.706931263847,0.03670531362949347,0.996889543697636,0.21432937160211035
Rough Heston,31.0,0.08487337440109514,1.0466666666666666,3945.174096903203,4129.282221425352,0.03670531362949347,0.996889543697636,0.21438532233278715
Rough Heston,31.0,0.08487337440109514,1.0483333333333333,3945.174096903203,4135.857511586858,0.03670531362949347,0.996889543697636,0.21446982128837885
Rough Heston,31.0,0.08487337440109514,1.05,3945.174096903203,4142.432801748363,0.03670531362949347,0.996889543697636,0.214581974921207
